role,filename,sr,channels,subtype,duration,frames,min,max,max_abs,rms,dc_offset,nan,inf,near_silent,n_samples_near_fullscale,max_consecutive_run_near_fullscale
HS,F_AF_A.wav,4000,1,PCM_16,15.0,60000,-0.020782470703125,0.024871826171875,0.024871826171875,0.001814710332100755,1.9480387369791668e-07,False,False,False,0,0
HS,F_AF_LUSB.wav,4000,1,PCM_16,15.0,60000,-0.033416748046875,0.01788330078125,0.033416748046875,0.003145059465682781,-6.2408447265625e-07,False,False,False,0,0
HS,F_ESM_LLSB.wav,4000,1,PCM_16,15.0,60000,-0.025482177734375,0.0308837890625,0.0308837890625,0.004334508784710337,-9.394327799479166e-07,False,False,False,0,0
HS,F_ESM_LUSB.wav,4000,1,PCM_16,15.0,60000,-0.066619873046875,0.07470703125,0.07470703125,0.004594630079239463,-5.320231119791667e-06,False,False,False,0,0
HS,F_ESM_RUSB.wav,4000,1,PCM_16,15.0,60000,-0.01666259765625,0.017486572265625,0.017486572265625,0.0021319869882481584,4.450480143229167e-07,False,False,False,0,0
HS,F_LDM_A.wav,4000,1,PCM_16,15.0,60000,-0.02752685546875,0.025360107421875,0.02752685546875,0.0034570137367415563,7.1563720703125e-07,False,False,False,0,0
HS,F_LDM_LLSB.wav,4000,1,PCM_16,15.0,60000,-0.06158447265625,0.093353271484375,0.093353271484375,0.010931724023020914,3.6773681640625e-07,False,False,False,0,0
HS,F_LDM_LUSB.wav,4000,1,PCM_16,15.0,60000,-0.025543212890625,0.0247802734375,0.025543212890625,0.0032793514685661696,-6.317138671875e-07,False,False,False,0,0
HS,F_LSM_A.wav,4000,1,PCM_16,15.0,60000,-0.017059326171875,0.016265869140625,0.017059326171875,0.002364092709205854,3.2297770182291667e-07,False,False,False,0,0
HS,F_LSM_LLSB.wav,4000,1,PCM_16,15.0,60000,-0.033843994140625,0.03411865234375,0.03411865234375,0.0027185064845947314,8.214314778645833e-07,False,False,False,0,0
HS,F_LSM_LUSB.wav,4000,1,PCM_16,15.0,60000,-0.0311279296875,0.024627685546875,0.0311279296875,0.002685371242906746,1.7598470052083333e-07,False,False,False,0,0
HS,F_MSM_A.wav,4000,1,PCM_16,15.0,60000,-0.01080322265625,0.010894775390625,0.010894775390625,0.000926448424349174,4.7353108723958333e-07,False,False,False,0,0
HS,F_MSM_LLSB.wav,4000,1,PCM_16,15.0,60000,-0.0438232421875,0.045562744140625,0.045562744140625,0.004328699075229091,-6.159464518229167e-07,False,False,False,0,0
HS,F_MSM_LUSB.wav,4000,1,PCM_16,15.0,60000,-0.046966552734375,0.06134033203125,0.06134033203125,0.00418506939640742,-7.8277587890625e-07,False,False,False,0,0
HS,F_N_A.wav,4000,1,PCM_16,15.0,60000,-0.025177001953125,0.025054931640625,0.025177001953125,0.002420227505624187,-1.2339274088541667e-06,False,False,False,0,0
HS,F_N_LC.wav,4000,1,PCM_16,15.0,60000,-0.039825439453125,0.04632568359375,0.04632568359375,0.0028401830275748027,-4.6539306640625e-07,False,False,False,0,0
HS,F_N_LLSB.wav,4000,1,PCM_16,15.0,60000,-0.046142578125,0.0418701171875,0.046142578125,0.004329717616799386,1.2858072916666667e-06,False,False,False,0,0
HS,F_N_LUSB.wav,4000,1,PCM_16,15.0,60000,-0.04351806640625,0.040679931640625,0.04351806640625,0.00421318522571177,1.1698404947916667e-08,False,False,False,0,0
HS,F_N_RC.wav,4000,1,PCM_16,15.0,60000,-0.014892578125,0.013763427734375,0.014892578125,0.0011088841378212595,-2.288818359375e-08,False,False,False,0,0
HS,F_N_RUSB.wav,4000,1,PCM_16,15.0,60000,-0.052825927734375,0.046661376953125,0.052825927734375,0.006444664728722169,-1.1662801106770834e-06,False,False,False,0,0
HS,F_S3_A.wav,4000,1,PCM_16,15.0,60000,-0.019012451171875,0.03875732421875,0.03875732421875,0.0035601798553003727,5.711873372395833e-07,False,False,False,0,0
HS,F_S3_LC.wav,4000,1,PCM_16,15.0,60000,-0.027008056640625,0.021881103515625,0.027008056640625,0.0036223418350077815,1.3580322265625e-07,False,False,False,0,0
HS,F_S3_LLSB.wav,4000,1,PCM_16,15.0,60000,-0.068603515625,0.088592529296875,0.088592529296875,0.005640152687109814,-1.3987223307291666e-06,False,False,False,0,0
HS,F_S4_RC.wav,4000,1,PCM_16,15.0,60000,-0.00396728515625,0.00390625,0.00396728515625,0.0004981733142948168,-1.0630289713541667e-07,False,False,False,0,0
HS,F_T_A.wav,4000,1,PCM_16,15.0,60000,-0.01751708984375,0.013153076171875,0.01751708984375,0.0020803075948889653,-1.2385050455729166e-06,False,False,False,0,0
HS,F_T_RC.wav,4000,1,PCM_16,15.0,60000,-0.007659912109375,0.007781982421875,0.007781982421875,0.0013109812142317158,-3.163655598958333e-07,False,False,False,0,0
HS,M_AF_LC.wav,4000,1,PCM_16,15.0,60000,-0.042633056640625,0.03857421875,0.042633056640625,0.0056013810420117984,2.0345052083333333e-08,False,False,False,0,0
HS,M_AF_RUSB.wav,4000,1,PCM_16,15.0,60000,-0.04547119140625,0.041351318359375,0.04547119140625,0.003958281736419297,-1.9175211588541667e-07,False,False,False,0,0
HS,M_AVB_A.wav,4000,1,PCM_16,15.0,60000,-0.0225830078125,0.03369140625,0.03369140625,0.004569159429200624,-1.22528076171875e-06,False,False,False,0,0
HS,M_AVB_LLSB.wav,4000,1,PCM_16,15.0,60000,-0.03570556640625,0.0347900390625,0.03570556640625,0.005070767689515646,-1.91192626953125e-06,False,False,False,0,0
HS,M_AVB_RC.wav,4000,1,PCM_16,15.0,60000,-0.092864990234375,0.09161376953125,0.092864990234375,0.0018986240401279706,-2.13623046875e-08,False,False,False,0,0
HS,M_ESM_A.wav,4000,1,PCM_16,15.0,60000,-0.0196533203125,0.01837158203125,0.0196533203125,0.004269714157340424,-9.546915690104168e-07,False,False,False,0,0
HS,M_ESM_LUSB.wav,4000,1,PCM_16,15.0,60000,-0.066192626953125,0.05853271484375,0.066192626953125,0.0030663368977562264,-2.3040771484375e-07,False,False,False,0,0
HS,M_ESM_RUSB.wav,4000,1,PCM_16,15.0,60000,-0.114013671875,0.094573974609375,0.114013671875,0.0055973151183550795,-2.021280924479167e-06,False,False,False,0,0
HS,M_LDM_LC.wav,4000,1,PCM_16,15.0,60000,-0.026947021484375,0.01641845703125,0.026947021484375,0.0031053174879714734,-8.249918619791667e-07,False,False,False,0,0
HS,M_LDM_LLSB.wav,4000,1,PCM_16,15.0,60000,-0.046051025390625,0.0401611328125,0.046051025390625,0.0048637225357474655,2.899169921875e-08,False,False,False,0,0
HS,M_LDM_LUSB.wav,4000,1,PCM_16,15.0,60000,-0.027191162109375,0.027069091796875,0.027191162109375,0.0029896785833958407,1.5019734700520833e-06,False,False,False,0,0
HS,M_LSM_LUSB.wav,4000,1,PCM_16,15.0,60000,-0.077239990234375,0.0814208984375,0.0814208984375,0.0045123949841144794,-1.4597574869791666e-07,False,False,False,0,0
HS,M_LSM_RUSB.wav,4000,1,PCM_16,15.0,60000,-0.021331787109375,0.01727294921875,0.021331787109375,0.0018266332055532023,-1.6123453776041667e-07,False,False,False,0,0
HS,M_MSM_A.wav,4000,1,PCM_16,15.0,60000,-0.012115478515625,0.013580322265625,0.013580322265625,0.002079631734388637,7.0037841796875e-07,False,False,False,0,0
HS,M_MSM_LUSB.wav,4000,1,PCM_16,15.0,60000,-0.026611328125,0.02764892578125,0.02764892578125,0.0021152043884960317,9.613037109375e-07,False,False,False,0,0
HS,M_MSM_RC.wav,4000,1,PCM_16,15.0,60000,-0.029296875,0.026336669921875,0.029296875,0.0022232780052013662,-1.6530354817708334e-07,False,False,False,0,0
HS,M_MSM_RUSB.wav,4000,1,PCM_16,15.0,60000,-0.03411865234375,0.032928466796875,0.03411865234375,0.0032222042392894266,5.92041015625e-07,False,False,False,0,0
HS,M_N_LC.wav,4000,1,PCM_16,15.0,60000,-0.011749267578125,0.01348876953125,0.01348876953125,0.0015558447614148392,1.8157958984375e-07,False,False,False,0,0
HS,M_N_LLSB.wav,4000,1,PCM_16,15.0,60000,-0.03173828125,0.03277587890625,0.03277587890625,0.004865729814783506,5.055745442708333e-07,False,False,False,0,0
HS,M_N_RUSB.wav,4000,1,PCM_16,15.0,60000,-0.095672607421875,0.1109619140625,0.1109619140625,0.006121054034285814,-9.984334309895833e-07,False,False,False,0,0
HS,M_S3_LLSB.wav,4000,1,PCM_16,15.0,60000,-0.086181640625,0.091094970703125,0.091094970703125,0.01337161972428765,-2.2379557291666667e-08,False,False,False,0,0
HS,M_S3_LUSB.wav,4000,1,PCM_16,15.0,60000,-0.0286865234375,0.01641845703125,0.0286865234375,0.0022385431894238316,2.3701985677083333e-07,False,False,False,0,0
HS,M_S4_LUSB.wav,4000,1,PCM_16,15.0,60000,-0.030242919921875,0.025634765625,0.030242919921875,0.0036863693874584712,-2.863566080729167e-07,False,False,False,0,0
HS,M_T_LUSB.wav,4000,1,PCM_16,15.0,60000,-0.070709228515625,0.07379150390625,0.07379150390625,0.00837587579271684,-1.0274251302083333e-06,False,False,False,0,0
LS,F_CC_LLA.wav,4000,1,PCM_16,15.0,60000,-0.007781982421875,0.00726318359375,0.007781982421875,0.0008139779918015311,7.222493489583333e-08,False,False,False,0,0
LS,F_CC_LMA.wav,4000,1,PCM_16,15.0,60000,-0.022247314453125,0.030242919921875,0.030242919921875,0.0022510419878826295,-1.6743977864583334e-06,False,False,False,0,0
LS,F_CC_LUA.wav,4000,1,PCM_16,15.0,60000,-0.0201416015625,0.021026611328125,0.021026611328125,0.0015385798514006895,1.5055338541666666e-07,False,False,False,0,0
LS,F_CC_RLA.wav,4000,1,PCM_16,15.0,60000,-0.00384521484375,0.004180908203125,0.004180908203125,0.00043751087842200484,-8.900960286458334e-08,False,False,False,0,0
LS,F_CC_RMA.wav,4000,1,PCM_16,15.0,60000,-0.023406982421875,0.02532958984375,0.02532958984375,0.0032590378805480305,6.235758463541667e-07,False,False,False,0,0
LS,F_FC_LUA.wav,4000,1,PCM_16,15.0,60000,-0.045379638671875,0.036956787109375,0.045379638671875,0.003559227950067507,-3.0731201171875e-06,False,False,False,0,0
LS,F_FC_RLA.wav,4000,1,PCM_16,15.0,60000,-0.04254150390625,0.03179931640625,0.04254150390625,0.0033631897607256456,-1.7140706380208333e-07,False,False,False,0,0
LS,F_N_LLA.wav,4000,1,PCM_16,15.0,60000,-0.019744873046875,0.021270751953125,0.021270751953125,0.0021380769977886226,-2.3956298828125e-07,False,False,False,0,0
LS,F_N_LMA.wav,4000,1,PCM_16,15.0,60000,-0.03070068359375,0.029022216796875,0.03070068359375,0.006173333328216678,2.301025390625e-06,False,False,False,0,0
LS,F_N_LUA.wav,4000,1,PCM_16,15.0,60000,-0.02447509765625,0.022796630859375,0.02447509765625,0.004267176988256529,8.23974609375e-08,False,False,False,0,0
LS,F_N_RLA.wav,4000,1,PCM_16,15.0,60000,-0.0347900390625,0.0323486328125,0.0347900390625,0.0033554083694196,4.0028889973958335e-07,False,False,False,0,0
LS,F_N_RMA.wav,4000,1,PCM_16,15.0,60000,-0.07757568359375,0.06793212890625,0.07757568359375,0.00890500040291484,4.694620768229167e-07,False,False,False,0,0
LS,F_N_RUA.wav,4000,1,PCM_16,15.0,60000,-0.046295166015625,0.040069580078125,0.046295166015625,0.005874477402227994,1.2217203776041666e-06,False,False,False,0,0
LS,F_PR_LLA.wav,4000,1,PCM_16,15.0,60000,-0.013519287109375,0.01080322265625,0.013519287109375,0.0013636780553473906,4.6437581380208333e-07,False,False,False,0,0
LS,F_PR_LMA.wav,4000,1,PCM_16,15.0,60000,-0.02490234375,0.0269775390625,0.0269775390625,0.0029355612127571953,1.58233642578125e-06,False,False,False,0,0
LS,F_PR_LUA.wav,4000,1,PCM_16,15.0,60000,-0.02435302734375,0.023193359375,0.02435302734375,0.002559397710064602,-1.7547607421875e-07,False,False,False,0,0
LS,F_R_LMA.wav,4000,1,PCM_16,15.0,60000,-0.027069091796875,0.027923583984375,0.027923583984375,0.003512975341071318,1.2456258138020834e-06,False,False,False,0,0
LS,F_R_LUA.wav,4000,1,PCM_16,15.0,60000,-0.034393310546875,0.03466796875,0.03466796875,0.005712699082687525,-1.1881510416666667e-06,False,False,False,0,0
LS,F_R_RLA.wav,4000,1,PCM_16,15.0,60000,-0.004791259765625,0.005767822265625,0.005767822265625,0.0005638596270065032,-2.4261474609375e-07,False,False,False,0,0
LS,F_W_RUA.wav,4000,1,PCM_16,15.0,60000,-0.009765625,0.011474609375,0.011474609375,0.0015042493117206175,-1.6428629557291668e-07,False,False,False,0,0
LS,M_CC_LLA.wav,4000,1,PCM_16,15.0,60000,-0.009033203125,0.006256103515625,0.009033203125,0.0011648539315854776,-2.6448567708333332e-08,False,False,False,0,0
LS,M_CC_LMA.wav,4000,1,PCM_16,15.0,60000,-0.023895263671875,0.032623291015625,0.032623291015625,0.0031188213764859274,4.425048828125e-08,False,False,False,0,0
LS,M_CC_LUA.wav,4000,1,PCM_16,15.0,60000,-0.022705078125,0.02947998046875,0.02947998046875,0.003835939885479923,3.6824544270833333e-07,False,False,False,0,0
LS,M_CC_RLA.wav,4000,1,PCM_16,15.0,60000,-0.0164794921875,0.018157958984375,0.018157958984375,0.00117130614752684,-4.628499348958333e-08,False,False,False,0,0
LS,M_FC_LUA.wav,4000,1,PCM_16,15.0,60000,-0.03192138671875,0.0330810546875,0.0330810546875,0.0036499512668082324,6.266276041666667e-07,False,False,False,0,0
LS,M_FC_RLA.wav,4000,1,PCM_16,15.0,60000,-0.04827880859375,0.056304931640625,0.056304931640625,0.0026391694018460493,-3.6519368489583335e-07,False,False,False,0,0
LS,M_FC_RUA.wav,4000,1,PCM_16,15.0,60000,-0.00726318359375,0.008148193359375,0.008148193359375,0.0009927585496623571,-1.312255859375e-07,False,False,False,0,0
LS,M_N_LLA.wav,4000,1,PCM_16,15.0,60000,-0.0911865234375,0.111602783203125,0.111602783203125,0.009576499180040604,1.3397216796875e-06,False,False,False,0,0
LS,M_N_LMA.wav,4000,1,PCM_16,15.0,60000,-0.176788330078125,0.191375732421875,0.191375732421875,0.007593169869461912,-1.9287109375e-06,False,False,False,0,0
LS,M_N_LUA.wav,4000,1,PCM_16,15.0,60000,-0.038116455078125,0.03448486328125,0.038116455078125,0.005697220873131117,-9.9334716796875e-07,False,False,False,0,0
LS,M_N_RLA.wav,4000,1,PCM_16,15.0,60000,-0.009307861328125,0.009063720703125,0.009307861328125,0.0013959365050122514,-7.425944010416667e-08,False,False,False,0,0
LS,M_N_RMA.wav,4000,1,PCM_16,15.0,60000,-0.0118408203125,0.01251220703125,0.01251220703125,0.0015530064382463145,-2.9805501302083333e-07,False,False,False,0,0
LS,M_N_RUA.wav,4000,1,PCM_16,15.0,60000,-0.0289306640625,0.033447265625,0.033447265625,0.005488136987894351,-6.2408447265625e-07,False,False,False,0,0
LS,M_PR_LLA.wav,4000,1,PCM_16,15.0,60000,-0.007080078125,0.005950927734375,0.007080078125,0.0007883955198934967,1.2257893880208333e-07,False,False,False,0,0
LS,M_PR_LMA.wav,4000,1,PCM_16,15.0,60000,-0.00665283203125,0.00799560546875,0.00799560546875,0.0008903480972135352,-8.23974609375e-08,False,False,False,0,0
LS,M_PR_LUA.wav,4000,1,PCM_16,15.0,60000,-0.029754638671875,0.031890869140625,0.031890869140625,0.004115382450905575,7.700602213541667e-07,False,False,False,0,0
LS,M_PR_RLA.wav,4000,1,PCM_16,15.0,60000,-0.02978515625,0.033233642578125,0.033233642578125,0.0033777872292456816,3.248087565104167e-06,False,False,False,0,0
LS,M_PR_RMA.wav,4000,1,PCM_16,15.0,60000,-0.0194091796875,0.0233154296875,0.0233154296875,0.0032896698955683173,-9.114583333333333e-07,False,False,False,0,0
LS,M_PR_RUA.wav,4000,1,PCM_16,15.0,60000,-0.03228759765625,0.03448486328125,0.03448486328125,0.002519315308673877,-1.0172526041666667e-09,False,False,False,0,0
LS,M_R_LLA.wav,4000,1,PCM_16,15.0,60000,-0.013214111328125,0.015625,0.015625,0.0021763013143132194,-7.227579752604167e-07,False,False,False,0,0
LS,M_R_LMA.wav,4000,1,PCM_16,15.0,60000,-0.03521728515625,0.034210205078125,0.03521728515625,0.004831895669198137,-2.3091634114583334e-07,False,False,False,0,0
LS,M_R_LUA.wav,4000,1,PCM_16,15.0,60000,-0.019287109375,0.020477294921875,0.020477294921875,0.001217531904257693,-2.1464029947916666e-07,False,False,False,0,0
LS,M_R_RLA.wav,4000,1,PCM_16,15.0,60000,-0.0032958984375,0.004119873046875,0.004119873046875,0.0004577848641470363,5.79833984375e-08,False,False,False,0,0
LS,M_R_RUA.wav,4000,1,PCM_16,15.0,60000,-0.010101318359375,0.008819580078125,0.010101318359375,0.0012583172096045474,8.977254231770834e-07,False,False,False,0,0
LS,M_W_LLA.wav,4000,1,PCM_16,15.0,60000,-0.01171875,0.011322021484375,0.01171875,0.002403729215018136,1.2624104817708334e-06,False,False,False,0,0
LS,M_W_LMA.wav,4000,1,PCM_16,15.0,60000,-0.155853271484375,0.191680908203125,0.191680908203125,0.008967453552314207,2.34222412109375e-06,False,False,False,0,0
LS,M_W_LUA.wav,4000,1,PCM_16,15.0,60000,-0.021820068359375,0.023345947265625,0.023345947265625,0.004368182334716705,1.220703125e-07,False,False,False,0,0
LS,M_W_RLA.wav,4000,1,PCM_16,15.0,60000,-0.039093017578125,0.046661376953125,0.046661376953125,0.005890196743294346,9.511311848958333e-08,False,False,False,0,0
LS,M_W_RMA.wav,4000,1,PCM_16,15.0,60000,-0.014678955078125,0.014984130859375,0.014984130859375,0.002591980003344777,-6.556193033854167e-07,False,False,False,0,0
LS,M_W_RUA.wav,4000,1,PCM_16,15.0,60000,-0.01385498046875,0.01806640625,0.01806640625,0.00248141852853175,9.058634440104166e-07,False,False,False,0,0
Mix-H,H0001.wav,4000,1,PCM_16,15.0,60000,-0.0311279296875,0.024627685546875,0.0311279296875,0.002685371242906746,1.7598470052083333e-07,False,False,False,0,0
Mix-H,H0002.wav,4000,1,PCM_16,15.0,60000,-0.03955078125,0.044586181640625,0.044586181640625,0.00414136435772329,4.231770833333333e-07,False,False,False,0,0
Mix-H,H0003.wav,4000,1,PCM_16,15.0,60000,-0.100311279296875,0.09161376953125,0.100311279296875,0.00476093049777342,1.3910929361979166e-06,False,False,False,0,0
Mix-H,H0004.wav,4000,1,PCM_16,15.0,60000,-0.019012451171875,0.03875732421875,0.03875732421875,0.0035601798553003727,5.711873372395833e-07,False,False,False,0,0
Mix-H,H0005.wav,4000,1,PCM_16,15.0,60000,-0.083160400390625,0.094879150390625,0.094879150390625,0.009741527184154778,1.7679850260416668e-06,False,False,False,0,0
Mix-H,H0006.wav,4000,1,PCM_16,15.0,60000,-0.008209228515625,0.008026123046875,0.008209228515625,0.0006572018727827329,1.1342366536458334e-07,False,False,False,0,0
Mix-H,H0007.wav,4000,1,PCM_16,15.0,60000,-0.01751708984375,0.013153076171875,0.01751708984375,0.0020803075948889653,-1.2385050455729166e-06,False,False,False,0,0
Mix-H,H0008.wav,4000,1,PCM_16,15.0,60000,-0.015533447265625,0.015045166015625,0.015533447265625,0.0017992002103736256,5.594889322916667e-07,False,False,False,0,0
Mix-H,H0009.wav,4000,1,PCM_16,15.0,60000,-0.00347900390625,0.0050048828125,0.0050048828125,0.0005289534883661008,5.849202473958333e-08,False,False,False,0,0
Mix-H,H0010.wav,4000,1,PCM_16,15.0,60000,-0.082550048828125,0.09722900390625,0.09722900390625,0.0062959418608671555,-5.559285481770833e-07,False,False,False,0,0
Mix-H,H0011.wav,4000,1,PCM_16,15.0,60000,-0.01409912109375,0.006011962890625,0.01409912109375,0.0005608812474625915,-1.3682047526041666e-07,False,False,False,0,0
Mix-H,H0012.wav,4000,1,PCM_16,15.0,60000,-0.077972412109375,0.114532470703125,0.114532470703125,0.002617800433826959,1.1133829752604167e-06,False,False,False,0,0
Mix-H,H0013.wav,4000,1,PCM_16,15.0,60000,-0.009002685546875,0.0093994140625,0.0093994140625,0.0008752720809300414,5.086263020833334e-10,False,False,False,0,0
Mix-H,H0014.wav,4000,1,PCM_16,15.0,60000,-0.0250244140625,0.03289794921875,0.03289794921875,0.004095781727641288,2.76031494140625e-06,False,False,False,0,0
Mix-H,H0015.wav,4000,1,PCM_16,15.0,60000,-0.0250244140625,0.03289794921875,0.03289794921875,0.004095781727641288,2.76031494140625e-06,False,False,False,0,0
Mix-H,H0016.wav,4000,1,PCM_16,15.0,60000,-0.013580322265625,0.013397216796875,0.013580322265625,0.0019214819868770493,-2.604166666666667e-07,False,False,False,0,0
Mix-H,H0017.wav,4000,1,PCM_16,15.0,60000,-0.008209228515625,0.008026123046875,0.008209228515625,0.0006572018727827329,1.1342366536458334e-07,False,False,False,0,0
Mix-H,H0018.wav,4000,1,PCM_16,15.0,60000,-0.021331787109375,0.01727294921875,0.021331787109375,0.0018266332055532023,-1.6123453776041667e-07,False,False,False,0,0
Mix-H,H0019.wav,4000,1,PCM_16,15.0,60000,-0.019500732421875,0.021148681640625,0.021148681640625,0.002847057743279852,-6.108601888020833e-07,False,False,False,0,0
Mix-H,H0020.wav,4000,1,PCM_16,15.0,60000,-0.0078125,0.0087890625,0.0087890625,0.0004613484380041527,1.5055338541666666e-07,False,False,False,0,0
Mix-H,H0021.wav,4000,1,PCM_16,15.0,60000,-0.0311279296875,0.024627685546875,0.0311279296875,0.002685371242906746,1.7598470052083333e-07,False,False,False,0,0
Mix-H,H0022.wav,4000,1,PCM_16,15.0,60000,-0.056365966796875,0.054595947265625,0.056365966796875,0.005904639799711142,1.7954508463541667e-07,False,False,False,0,0
Mix-H,H0023.wav,4000,1,PCM_16,15.0,60000,-0.014984130859375,0.01849365234375,0.01849365234375,0.0023930773798035787,-1.6326904296875e-07,False,False,False,0,0
Mix-H,H0024.wav,4000,1,PCM_16,15.0,60000,-0.030242919921875,0.025634765625,0.030242919921875,0.0036863693874584712,-2.863566080729167e-07,False,False,False,0,0
Mix-H,H0025.wav,4000,1,PCM_16,15.0,60000,-0.009002685546875,0.0093994140625,0.0093994140625,0.0008752720809300414,5.086263020833334e-10,False,False,False,0,0
Mix-H,H0026.wav,4000,1,PCM_16,15.0,60000,-0.02490234375,0.04522705078125,0.04522705078125,0.003498268474433734,8.392333984375e-08,False,False,False,0,0
Mix-H,H0027.wav,4000,1,PCM_16,15.0,60000,-0.1768798828125,0.15216064453125,0.1768798828125,0.008592787540610783,1.7425537109375e-06,False,False,False,0,0
Mix-H,H0028.wav,4000,1,PCM_16,15.0,60000,-0.07989501953125,0.079681396484375,0.07989501953125,0.003832672029515736,-6.8817138671875e-07,False,False,False,0,0
Mix-H,H0029.wav,4000,1,PCM_16,15.0,60000,-0.014984130859375,0.01849365234375,0.01849365234375,0.0023930773798035787,-1.6326904296875e-07,False,False,False,0,0
Mix-H,H0030.wav,4000,1,PCM_16,15.0,60000,-0.00396728515625,0.00390625,0.00396728515625,0.0004981733142948168,-1.0630289713541667e-07,False,False,False,0,0
Mix-H,H0031.wav,4000,1,PCM_16,15.0,60000,-0.017059326171875,0.016265869140625,0.017059326171875,0.002364092709205854,3.2297770182291667e-07,False,False,False,0,0
Mix-H,H0032.wav,4000,1,PCM_16,15.0,60000,-0.019500732421875,0.021148681640625,0.021148681640625,0.002847057743279852,-6.108601888020833e-07,False,False,False,0,0
Mix-H,H0033.wav,4000,1,PCM_16,15.0,60000,-0.077239990234375,0.0814208984375,0.0814208984375,0.0045123949841144794,-1.4597574869791666e-07,False,False,False,0,0
Mix-H,H0034.wav,4000,1,PCM_16,15.0,60000,-0.013214111328125,0.010040283203125,0.013214111328125,0.0014863619608375866,1.4394124348958334e-07,False,False,False,0,0
Mix-H,H0035.wav,4000,1,PCM_16,15.0,60000,-0.020294189453125,0.01702880859375,0.020294189453125,0.0011849504543821811,3.631591796875e-07,False,False,False,0,0
Mix-H,H0036.wav,4000,1,PCM_16,15.0,60000,-0.047698974609375,0.0513916015625,0.0513916015625,0.006490927311163599,-1.3402303059895833e-06,False,False,False,0,0
Mix-H,H0037.wav,4000,1,PCM_16,15.0,60000,-0.03570556640625,0.0347900390625,0.03570556640625,0.005070767689515646,-1.91192626953125e-06,False,False,False,0,0
Mix-H,H0038.wav,4000,1,PCM_16,15.0,60000,-0.068603515625,0.088592529296875,0.088592529296875,0.005640152687109814,-1.3987223307291666e-06,False,False,False,0,0
Mix-H,H0039.wav,4000,1,PCM_16,15.0,60000,-0.011749267578125,0.01348876953125,0.01348876953125,0.0015558447614148392,1.8157958984375e-07,False,False,False,0,0
Mix-H,H0040.wav,4000,1,PCM_16,15.0,60000,-0.014984130859375,0.01849365234375,0.01849365234375,0.0023930773798035787,-1.6326904296875e-07,False,False,False,0,0
Mix-H,H0041.wav,4000,1,PCM_16,15.0,60000,-0.02606201171875,0.020050048828125,0.02606201171875,0.002677208935502182,1.39923095703125e-06,False,False,False,0,0
Mix-H,H0042.wav,4000,1,PCM_16,15.0,60000,-0.024993896484375,0.022308349609375,0.024993896484375,0.0014262179898973857,-1.434326171875e-07,False,False,False,0,0
Mix-H,H0043.wav,4000,1,PCM_16,15.0,60000,-0.1148681640625,0.087646484375,0.1148681640625,0.008501095271573531,-3.102620442708333e-07,False,False,False,0,0
Mix-H,H0044.wav,4000,1,PCM_16,15.0,60000,-0.015594482421875,0.016265869140625,0.016265869140625,0.0016071680678964918,-4.872639973958333e-07,False,False,False,0,0
Mix-H,H0045.wav,4000,1,PCM_16,15.0,60000,-0.046051025390625,0.0401611328125,0.046051025390625,0.0048637225357474655,2.899169921875e-08,False,False,False,0,0
Mix-H,H0046.wav,4000,1,PCM_16,15.0,60000,-0.100311279296875,0.09161376953125,0.100311279296875,0.00476093049777342,1.3910929361979166e-06,False,False,False,0,0
Mix-H,H0047.wav,4000,1,PCM_16,15.0,60000,-0.040283203125,0.04547119140625,0.04547119140625,0.0029152552579349636,-2.5004069010416666e-06,False,False,False,0,0
Mix-H,H0048.wav,4000,1,PCM_16,15.0,60000,-0.020294189453125,0.01702880859375,0.020294189453125,0.0011849504543821811,3.631591796875e-07,False,False,False,0,0
Mix-H,H0049.wav,4000,1,PCM_16,15.0,60000,-0.0072021484375,0.01129150390625,0.01129150390625,0.0007461373938865574,1.4444986979166667e-07,False,False,False,0,0
Mix-H,H0050.wav,4000,1,PCM_16,15.0,60000,-0.066619873046875,0.07470703125,0.07470703125,0.004594630079239463,-5.320231119791667e-06,False,False,False,0,0
Mix-H,H0051.wav,4000,1,PCM_16,15.0,60000,-0.007659912109375,0.007781982421875,0.007781982421875,0.0013109812142317158,-3.163655598958333e-07,False,False,False,0,0
Mix-H,H0052.wav,4000,1,PCM_16,15.0,60000,-0.020721435546875,0.01971435546875,0.020721435546875,0.001754563937000625,1.2537638346354167e-06,False,False,False,0,0
Mix-H,H0053.wav,4000,1,PCM_16,15.0,60000,-0.305419921875,0.318084716796875,0.318084716796875,0.015080627122003067,-1.1820475260416667e-06,False,False,False,0,0
Mix-H,H0054.wav,4000,1,PCM_16,15.0,60000,-0.15960693359375,0.14459228515625,0.15960693359375,0.010047866571698006,-6.163533528645833e-06,False,False,False,0,0
Mix-H,H0055.wav,4000,1,PCM_16,15.0,60000,-0.017059326171875,0.016265869140625,0.017059326171875,0.002364092709205854,3.2297770182291667e-07,False,False,False,0,0
Mix-H,H0056.wav,4000,1,PCM_16,15.0,60000,-0.099029541015625,0.084716796875,0.099029541015625,0.0059751409588456,-7.181803385416667e-07,False,False,False,0,0
Mix-H,H0057.wav,4000,1,PCM_16,15.0,60000,-0.0078125,0.0087890625,0.0087890625,0.0004613484380041527,1.5055338541666666e-07,False,False,False,0,0
Mix-H,H0058.wav,4000,1,PCM_16,15.0,60000,-0.00885009765625,0.007049560546875,0.00885009765625,0.0007818184910134087,-1.5411376953125e-07,False,False,False,0,0
Mix-H,H0059.wav,4000,1,PCM_16,15.0,60000,-0.03955078125,0.044586181640625,0.044586181640625,0.00414136435772329,4.231770833333333e-07,False,False,False,0,0
Mix-H,H0060.wav,4000,1,PCM_16,15.0,60000,-0.025543212890625,0.0247802734375,0.025543212890625,0.0032793514685661696,-6.317138671875e-07,False,False,False,0,0
Mix-H,H0061.wav,4000,1,PCM_16,15.0,60000,-0.005035400390625,0.005401611328125,0.005401611328125,0.0004606963081582203,-2.0345052083333334e-09,False,False,False,0,0
Mix-H,H0062.wav,4000,1,PCM_16,15.0,60000,-0.047943115234375,0.047271728515625,0.047943115234375,0.006497212744555947,-2.4627685546875e-06,False,False,False,0,0
Mix-H,H0063.wav,4000,1,PCM_16,15.0,60000,-0.0072021484375,0.01129150390625,0.01129150390625,0.0007461373938865574,1.4444986979166667e-07,False,False,False,0,0
Mix-H,H0064.wav,4000,1,PCM_16,15.0,60000,-0.01409912109375,0.006011962890625,0.01409912109375,0.0005608812474625915,-1.3682047526041666e-07,False,False,False,0,0
Mix-H,H0065.wav,4000,1,PCM_16,15.0,60000,-0.020782470703125,0.024871826171875,0.024871826171875,0.001814710332100755,1.9480387369791668e-07,False,False,False,0,0
Mix-H,H0066.wav,4000,1,PCM_16,15.0,60000,-0.03173828125,0.03277587890625,0.03277587890625,0.004865729814783506,5.055745442708333e-07,False,False,False,0,0
Mix-H,H0067.wav,4000,1,PCM_16,15.0,60000,-0.020233154296875,0.02850341796875,0.02850341796875,0.001454719562216449,1.2359619140625e-07,False,False,False,0,0
Mix-H,H0068.wav,4000,1,PCM_16,15.0,60000,-0.019744873046875,0.014923095703125,0.019744873046875,0.001695243892658489,9.358723958333334e-08,False,False,False,0,0
Mix-H,H0069.wav,4000,1,PCM_16,15.0,60000,-0.017059326171875,0.016265869140625,0.017059326171875,0.002364092709205854,3.2297770182291667e-07,False,False,False,0,0
Mix-H,H0070.wav,4000,1,PCM_16,15.0,60000,-0.017059326171875,0.016265869140625,0.017059326171875,0.002364092709205854,3.2297770182291667e-07,False,False,False,0,0
Mix-H,H0071.wav,4000,1,PCM_16,15.0,60000,-0.019744873046875,0.014923095703125,0.019744873046875,0.001695243892658489,9.358723958333334e-08,False,False,False,0,0
Mix-H,H0072.wav,4000,1,PCM_16,15.0,60000,-0.02447509765625,0.029022216796875,0.029022216796875,0.0029770858725665875,-3.7129720052083334e-08,False,False,False,0,0
Mix-H,H0073.wav,4000,1,PCM_16,15.0,60000,-0.011962890625,0.010833740234375,0.011962890625,0.0011764159306111705,-3.47900390625e-07,False,False,False,0,0
Mix-H,H0074.wav,4000,1,PCM_16,15.0,60000,-0.0426025390625,0.048736572265625,0.048736572265625,0.004521437130455324,-7.832845052083334e-08,False,False,False,0,0
Mix-H,H0075.wav,4000,1,PCM_16,15.0,60000,-0.066619873046875,0.07470703125,0.07470703125,0.004594630079239463,-5.320231119791667e-06,False,False,False,0,0
Mix-H,H0076.wav,4000,1,PCM_16,15.0,60000,-0.009185791015625,0.010162353515625,0.010162353515625,0.0012204907232508358,4.908243815104167e-07,False,False,False,0,0
Mix-H,H0077.wav,4000,1,PCM_16,15.0,60000,-0.026947021484375,0.01641845703125,0.026947021484375,0.0031053174879714734,-8.249918619791667e-07,False,False,False,0,0
Mix-H,H0078.wav,4000,1,PCM_16,15.0,60000,-0.021331787109375,0.01727294921875,0.021331787109375,0.0018266332055532023,-1.6123453776041667e-07,False,False,False,0,0
Mix-H,H0079.wav,4000,1,PCM_16,15.0,60000,-0.014984130859375,0.01849365234375,0.01849365234375,0.0023930773798035787,-1.6326904296875e-07,False,False,False,0,0
Mix-H,H0080.wav,4000,1,PCM_16,15.0,60000,-0.026611328125,0.02764892578125,0.02764892578125,0.0021152043884960317,9.613037109375e-07,False,False,False,0,0
Mix-H,H0081.wav,4000,1,PCM_16,15.0,60000,-0.033843994140625,0.03411865234375,0.03411865234375,0.0027185064845947314,8.214314778645833e-07,False,False,False,0,0
Mix-H,H0082.wav,4000,1,PCM_16,15.0,60000,-0.017059326171875,0.016265869140625,0.017059326171875,0.002364092709205854,3.2297770182291667e-07,False,False,False,0,0
Mix-H,H0083.wav,4000,1,PCM_16,15.0,60000,-0.0225830078125,0.03369140625,0.03369140625,0.004569159429200624,-1.22528076171875e-06,False,False,False,0,0
Mix-H,H0084.wav,4000,1,PCM_16,15.0,60000,-0.04876708984375,0.0433349609375,0.04876708984375,0.005941203810680882,-5.9967041015625e-07,False,False,False,0,0
Mix-H,H0085.wav,4000,1,PCM_16,15.0,60000,-0.039825439453125,0.04632568359375,0.04632568359375,0.0028401830275748027,-4.6539306640625e-07,False,False,False,0,0
Mix-H,H0086.wav,4000,1,PCM_16,15.0,60000,-0.011962890625,0.010833740234375,0.011962890625,0.0011764159306111705,-3.47900390625e-07,False,False,False,0,0
Mix-H,H0087.wav,4000,1,PCM_16,15.0,60000,-0.100311279296875,0.09161376953125,0.100311279296875,0.00476093049777342,1.3910929361979166e-06,False,False,False,0,0
Mix-H,H0088.wav,4000,1,PCM_16,15.0,60000,-0.070465087890625,0.060333251953125,0.070465087890625,0.003522521281802894,-7.268269856770833e-07,False,False,False,0,0
Mix-H,H0089.wav,4000,1,PCM_16,15.0,60000,-0.048370361328125,0.03863525390625,0.048370361328125,0.0026565223354389086,4.124959309895833e-07,False,False,False,0,0
Mix-H,H0090.wav,4000,1,PCM_16,15.0,60000,-0.007659912109375,0.007781982421875,0.007781982421875,0.0013109812142317158,-3.163655598958333e-07,False,False,False,0,0
Mix-H,H0091.wav,4000,1,PCM_16,15.0,60000,-0.04547119140625,0.041351318359375,0.04547119140625,0.003958281736419297,-1.9175211588541667e-07,False,False,False,0,0
Mix-H,H0092.wav,4000,1,PCM_16,15.0,60000,-0.010345458984375,0.00982666015625,0.010345458984375,0.0014888427969075556,4.7810872395833335e-08,False,False,False,0,0
Mix-H,H0093.wav,4000,1,PCM_16,15.0,60000,-0.056365966796875,0.054595947265625,0.056365966796875,0.005904639799711142,1.7954508463541667e-07,False,False,False,0,0
Mix-H,H0094.wav,4000,1,PCM_16,15.0,60000,-0.017059326171875,0.016265869140625,0.017059326171875,0.002364092709205854,3.2297770182291667e-07,False,False,False,0,0
Mix-H,H0095.wav,4000,1,PCM_16,15.0,60000,-0.01080322265625,0.010894775390625,0.010894775390625,0.000926448424349174,4.7353108723958333e-07,False,False,False,0,0
Mix-H,H0096.wav,4000,1,PCM_16,15.0,60000,-0.014892578125,0.013763427734375,0.014892578125,0.0011088841378212595,-2.288818359375e-08,False,False,False,0,0
Mix-H,H0097.wav,4000,1,PCM_16,15.0,60000,-0.15960693359375,0.14459228515625,0.15960693359375,0.010047866571698006,-6.163533528645833e-06,False,False,False,0,0
Mix-H,H0098.wav,4000,1,PCM_16,15.0,60000,-0.070709228515625,0.07379150390625,0.07379150390625,0.00837587579271684,-1.0274251302083333e-06,False,False,False,0,0
Mix-H,H0099.wav,4000,1,PCM_16,15.0,60000,-0.08197021484375,0.060791015625,0.08197021484375,0.004946410219077521,-2.82745361328125e-06,False,False,False,0,0
Mix-H,H0100.wav,4000,1,PCM_16,15.0,60000,-0.033843994140625,0.03411865234375,0.03411865234375,0.0027185064845947314,8.214314778645833e-07,False,False,False,0,0
Mix-H,H0101.wav,4000,1,PCM_16,15.0,60000,-0.021331787109375,0.01727294921875,0.021331787109375,0.0018266332055532023,-1.6123453776041667e-07,False,False,False,0,0
Mix-H,H0102.wav,4000,1,PCM_16,15.0,60000,-0.013580322265625,0.013397216796875,0.013580322265625,0.0019214819868770493,-2.604166666666667e-07,False,False,False,0,0
Mix-H,H0103.wav,4000,1,PCM_16,15.0,60000,-0.20843505859375,0.286956787109375,0.286956787109375,0.010507108430336446,-1.17034912109375e-06,False,False,False,0,0
Mix-H,H0104.wav,4000,1,PCM_16,15.0,60000,-0.026611328125,0.02764892578125,0.02764892578125,0.0021152043884960317,9.613037109375e-07,False,False,False,0,0
Mix-H,H0105.wav,4000,1,PCM_16,15.0,60000,-0.021331787109375,0.01727294921875,0.021331787109375,0.0018266332055532023,-1.6123453776041667e-07,False,False,False,0,0
Mix-H,H0106.wav,4000,1,PCM_16,15.0,60000,-0.015594482421875,0.016265869140625,0.016265869140625,0.0016071680678964918,-4.872639973958333e-07,False,False,False,0,0
Mix-H,H0107.wav,4000,1,PCM_16,15.0,60000,-0.03173828125,0.03277587890625,0.03277587890625,0.004865729814783506,5.055745442708333e-07,False,False,False,0,0
Mix-H,H0108.wav,4000,1,PCM_16,15.0,60000,-0.0177001953125,0.0162353515625,0.0177001953125,0.0013839625169332706,-2.1413167317708333e-07,False,False,False,0,0
Mix-H,H0109.wav,4000,1,PCM_16,15.0,60000,-0.015289306640625,0.01385498046875,0.015289306640625,0.0014792577580881728,-2.0345052083333334e-09,False,False,False,0,0
Mix-H,H0110.wav,4000,1,PCM_16,15.0,60000,-0.1986083984375,0.178192138671875,0.1986083984375,0.007851508811155062,1.9190470377604166e-06,False,False,False,0,0
Mix-H,H0111.wav,4000,1,PCM_16,15.0,60000,-0.20843505859375,0.286956787109375,0.286956787109375,0.010507108430336446,-1.17034912109375e-06,False,False,False,0,0
Mix-H,H0112.wav,4000,1,PCM_16,15.0,60000,-0.037841796875,0.04180908203125,0.04180908203125,0.002699033327353918,-6.174723307291666e-07,False,False,False,0,0
Mix-H,H0113.wav,4000,1,PCM_16,15.0,60000,-0.0655517578125,0.0528564453125,0.0655517578125,0.005527513794030075,-6.479899088541667e-07,False,False,False,0,0
Mix-H,H0114.wav,4000,1,PCM_16,15.0,60000,-0.020782470703125,0.024871826171875,0.024871826171875,0.001814710332100755,1.9480387369791668e-07,False,False,False,0,0
Mix-H,H0115.wav,4000,1,PCM_16,15.0,60000,-0.02606201171875,0.020050048828125,0.02606201171875,0.002677208935502182,1.39923095703125e-06,False,False,False,0,0
Mix-H,H0116.wav,4000,1,PCM_16,15.0,60000,-0.0216064453125,0.026702880859375,0.026702880859375,0.0020966096230266074,-1.6225179036458333e-07,False,False,False,0,0
Mix-H,H0117.wav,4000,1,PCM_16,15.0,60000,-0.0352783203125,0.037445068359375,0.037445068359375,0.003870236147578659,2.5293986002604168e-06,False,False,False,0,0
Mix-H,H0118.wav,4000,1,PCM_16,15.0,60000,-0.037750244140625,0.04449462890625,0.04449462890625,0.0025826536006630417,-3.8960774739583336e-07,False,False,False,0,0
Mix-H,H0119.wav,4000,1,PCM_16,15.0,60000,-0.072296142578125,0.05914306640625,0.072296142578125,0.007147764738184639,5.837504069010417e-06,False,False,False,0,0
Mix-H,H0120.wav,4000,1,PCM_16,15.0,60000,-0.00665283203125,0.0054931640625,0.00665283203125,0.0006899282805608697,-2.8533935546875e-07,False,False,False,0,0
Mix-H,H0121.wav,4000,1,PCM_16,15.0,60000,-0.03570556640625,0.0347900390625,0.03570556640625,0.005070767689515646,-1.91192626953125e-06,False,False,False,0,0
Mix-H,H0122.wav,4000,1,PCM_16,15.0,60000,-0.015594482421875,0.016265869140625,0.016265869140625,0.0016071680678964918,-4.872639973958333e-07,False,False,False,0,0
Mix-H,H0123.wav,4000,1,PCM_16,15.0,60000,-0.027191162109375,0.027069091796875,0.027191162109375,0.0029896785833958407,1.5019734700520833e-06,False,False,False,0,0
Mix-H,H0124.wav,4000,1,PCM_16,15.0,60000,-0.077972412109375,0.114532470703125,0.114532470703125,0.002617800433826959,1.1133829752604167e-06,False,False,False,0,0
Mix-H,H0125.wav,4000,1,PCM_16,15.0,60000,-0.026611328125,0.02764892578125,0.02764892578125,0.0021152043884960317,9.613037109375e-07,False,False,False,0,0
Mix-H,H0126.wav,4000,1,PCM_16,15.0,60000,-0.20843505859375,0.286956787109375,0.286956787109375,0.010507108430336446,-1.17034912109375e-06,False,False,False,0,0
Mix-H,H0127.wav,4000,1,PCM_16,15.0,60000,-0.019012451171875,0.03875732421875,0.03875732421875,0.0035601798553003727,5.711873372395833e-07,False,False,False,0,0
Mix-H,H0128.wav,4000,1,PCM_16,15.0,60000,-0.03411865234375,0.032928466796875,0.03411865234375,0.0032222042392894266,5.92041015625e-07,False,False,False,0,0
Mix-H,H0129.wav,4000,1,PCM_16,15.0,60000,-0.01751708984375,0.013153076171875,0.01751708984375,0.0020803075948889653,-1.2385050455729166e-06,False,False,False,0,0
Mix-H,H0130.wav,4000,1,PCM_16,15.0,60000,-0.025482177734375,0.0308837890625,0.0308837890625,0.004334508784710337,-9.394327799479166e-07,False,False,False,0,0
Mix-H,H0131.wav,4000,1,PCM_16,15.0,60000,-0.070465087890625,0.060333251953125,0.070465087890625,0.003522521281802894,-7.268269856770833e-07,False,False,False,0,0
Mix-H,H0132.wav,4000,1,PCM_16,15.0,60000,-0.047698974609375,0.0513916015625,0.0513916015625,0.006490927311163599,-1.3402303059895833e-06,False,False,False,0,0
Mix-H,H0133.wav,4000,1,PCM_16,15.0,60000,-0.025177001953125,0.025054931640625,0.025177001953125,0.002420227505624187,-1.2339274088541667e-06,False,False,False,0,0
Mix-H,H0134.wav,4000,1,PCM_16,15.0,60000,-0.056365966796875,0.054595947265625,0.056365966796875,0.005904639799711142,1.7954508463541667e-07,False,False,False,0,0
Mix-H,H0135.wav,4000,1,PCM_16,15.0,60000,-0.070465087890625,0.060333251953125,0.070465087890625,0.003522521281802894,-7.268269856770833e-07,False,False,False,0,0
Mix-H,H0136.wav,4000,1,PCM_16,15.0,60000,-0.047943115234375,0.047271728515625,0.047943115234375,0.006497212744555947,-2.4627685546875e-06,False,False,False,0,0
Mix-H,H0137.wav,4000,1,PCM_16,15.0,60000,-0.02752685546875,0.025360107421875,0.02752685546875,0.0034570137367415563,7.1563720703125e-07,False,False,False,0,0
Mix-H,H0138.wav,4000,1,PCM_16,15.0,60000,-0.01751708984375,0.013153076171875,0.01751708984375,0.0020803075948889653,-1.2385050455729166e-06,False,False,False,0,0
Mix-H,H0139.wav,4000,1,PCM_16,15.0,60000,-0.027008056640625,0.021881103515625,0.027008056640625,0.0036223418350077815,1.3580322265625e-07,False,False,False,0,0
Mix-H,H0140.wav,4000,1,PCM_16,15.0,60000,-0.1986083984375,0.178192138671875,0.1986083984375,0.007851508811155062,1.9190470377604166e-06,False,False,False,0,0
Mix-H,H0141.wav,4000,1,PCM_16,15.0,60000,-0.01409912109375,0.006011962890625,0.01409912109375,0.0005608812474625915,-1.3682047526041666e-07,False,False,False,0,0
Mix-H,H0142.wav,4000,1,PCM_16,15.0,60000,-0.03411865234375,0.032928466796875,0.03411865234375,0.0032222042392894266,5.92041015625e-07,False,False,False,0,0
Mix-H,H0143.wav,4000,1,PCM_16,15.0,60000,-0.1986083984375,0.178192138671875,0.1986083984375,0.007851508811155062,1.9190470377604166e-06,False,False,False,0,0
Mix-H,H0144.wav,4000,1,PCM_16,15.0,60000,-0.07989501953125,0.079681396484375,0.07989501953125,0.003832672029515736,-6.8817138671875e-07,False,False,False,0,0
Mix-H,H0145.wav,4000,1,PCM_16,15.0,60000,-0.15960693359375,0.14459228515625,0.15960693359375,0.010047866571698006,-6.163533528645833e-06,False,False,False,0,0
Mix-L,L0001.wav,4000,1,PCM_16,15.0,60000,-0.02630615234375,0.0245361328125,0.02630615234375,0.0036018698012840263,6.627400716145833e-07,False,False,False,0,0
Mix-L,L0002.wav,4000,1,PCM_16,15.0,60000,-0.0347900390625,0.0323486328125,0.0347900390625,0.0033554083694196,4.0028889973958335e-07,False,False,False,0,0
Mix-L,L0003.wav,4000,1,PCM_16,15.0,60000,-0.176788330078125,0.191375732421875,0.191375732421875,0.007593169869461912,-1.9287109375e-06,False,False,False,0,0
Mix-L,L0004.wav,4000,1,PCM_16,15.0,60000,-0.089599609375,0.06591796875,0.089599609375,0.004390877810382954,-7.166544596354166e-07,False,False,False,0,0
Mix-L,L0005.wav,4000,1,PCM_16,15.0,60000,-0.0509033203125,0.053802490234375,0.053802490234375,0.005526462501249503,7.420857747395833e-07,False,False,False,0,0
Mix-L,L0006.wav,4000,1,PCM_16,15.0,60000,-0.0147705078125,0.012420654296875,0.0147705078125,0.002334891768696325,3.7129720052083334e-08,False,False,False,0,0
Mix-L,L0007.wav,4000,1,PCM_16,15.0,60000,-0.031982421875,0.033935546875,0.033935546875,0.0021521017803398284,5.900065104166667e-08,False,False,False,0,0
Mix-L,L0008.wav,4000,1,PCM_16,15.0,60000,-0.02490234375,0.0269775390625,0.0269775390625,0.0029355612127571953,1.58233642578125e-06,False,False,False,0,0
Mix-L,L0009.wav,4000,1,PCM_16,15.0,60000,-0.021820068359375,0.023345947265625,0.023345947265625,0.004368182334716705,1.220703125e-07,False,False,False,0,0
Mix-L,L0010.wav,4000,1,PCM_16,15.0,60000,-0.0201416015625,0.021026611328125,0.021026611328125,0.0015385798514006895,1.5055338541666666e-07,False,False,False,0,0
Mix-L,L0011.wav,4000,1,PCM_16,15.0,60000,-0.054840087890625,0.05426025390625,0.054840087890625,0.0031836678124805545,2.899169921875e-08,False,False,False,0,0
Mix-L,L0012.wav,4000,1,PCM_16,15.0,60000,-0.0498046875,0.051361083984375,0.051361083984375,0.004368360585488815,-3.814697265625e-07,False,False,False,0,0
Mix-L,L0013.wav,4000,1,PCM_16,15.0,60000,-0.0147705078125,0.012420654296875,0.0147705078125,0.002334891768696325,3.7129720052083334e-08,False,False,False,0,0
Mix-L,L0014.wav,4000,1,PCM_16,15.0,60000,-0.034393310546875,0.03466796875,0.03466796875,0.005712699082687525,-1.1881510416666667e-06,False,False,False,0,0
Mix-L,L0015.wav,4000,1,PCM_16,15.0,60000,-0.0201416015625,0.021026611328125,0.021026611328125,0.0015385798514006895,1.5055338541666666e-07,False,False,False,0,0
Mix-L,L0016.wav,4000,1,PCM_16,15.0,60000,-0.004791259765625,0.005767822265625,0.005767822265625,0.0005638596270065032,-2.4261474609375e-07,False,False,False,0,0
Mix-L,L0017.wav,4000,1,PCM_16,15.0,60000,-0.046295166015625,0.045440673828125,0.046295166015625,0.0052004628523058755,3.4337361653645834e-06,False,False,False,0,0
Mix-L,L0018.wav,4000,1,PCM_16,15.0,60000,-0.014678955078125,0.014984130859375,0.014984130859375,0.002591980003344777,-6.556193033854167e-07,False,False,False,0,0
Mix-L,L0019.wav,4000,1,PCM_16,15.0,60000,-0.03228759765625,0.03448486328125,0.03448486328125,0.002519315308673877,-1.0172526041666667e-09,False,False,False,0,0
Mix-L,L0020.wav,4000,1,PCM_16,15.0,60000,-0.0347900390625,0.0323486328125,0.0347900390625,0.0033554083694196,4.0028889973958335e-07,False,False,False,0,0
Mix-L,L0021.wav,4000,1,PCM_16,15.0,60000,-0.023895263671875,0.032623291015625,0.032623291015625,0.0031188213764859274,4.425048828125e-08,False,False,False,0,0
Mix-L,L0022.wav,4000,1,PCM_16,15.0,60000,-0.114776611328125,0.12335205078125,0.12335205078125,0.005011189531363948,1.52740478515625e-06,False,False,False,0,0
Mix-L,L0023.wav,4000,1,PCM_16,15.0,60000,-0.05194091796875,0.051666259765625,0.05194091796875,0.0028436650638594295,-3.011067708333333e-07,False,False,False,0,0
Mix-L,L0024.wav,4000,1,PCM_16,15.0,60000,-0.082733154296875,0.067596435546875,0.082733154296875,0.0089779071297397,-5.583699544270833e-06,False,False,False,0,0
Mix-L,L0025.wav,4000,1,PCM_16,15.0,60000,-0.0147705078125,0.012420654296875,0.0147705078125,0.002334891768696325,3.7129720052083334e-08,False,False,False,0,0
Mix-L,L0026.wav,4000,1,PCM_16,15.0,60000,-0.060302734375,0.071441650390625,0.071441650390625,0.004215596556202298,1.1494954427083334e-07,False,False,False,0,0
Mix-L,L0027.wav,4000,1,PCM_16,15.0,60000,-0.076171875,0.066192626953125,0.076171875,0.005831857332045387,-2.7180989583333334e-06,False,False,False,0,0
Mix-L,L0028.wav,4000,1,PCM_16,15.0,60000,-0.046295166015625,0.045440673828125,0.046295166015625,0.0052004628523058755,3.4337361653645834e-06,False,False,False,0,0
Mix-L,L0029.wav,4000,1,PCM_16,15.0,60000,-0.035308837890625,0.03070068359375,0.035308837890625,0.004605080417641438,-1.6042073567708333e-06,False,False,False,0,0
Mix-L,L0030.wav,4000,1,PCM_16,15.0,60000,-0.0147705078125,0.012420654296875,0.0147705078125,0.002334891768696325,3.7129720052083334e-08,False,False,False,0,0
Mix-L,L0031.wav,4000,1,PCM_16,15.0,60000,-0.0177001953125,0.0162353515625,0.0177001953125,0.0013839625169332706,-2.1413167317708333e-07,False,False,False,0,0
Mix-L,L0032.wav,4000,1,PCM_16,15.0,60000,-0.02435302734375,0.023193359375,0.02435302734375,0.002559397710064602,-1.7547607421875e-07,False,False,False,0,0
Mix-L,L0033.wav,4000,1,PCM_16,15.0,60000,-0.07720947265625,0.0849609375,0.0849609375,0.005627468240085046,5.849202473958333e-08,False,False,False,0,0
Mix-L,L0034.wav,4000,1,PCM_16,15.0,60000,-0.046295166015625,0.045440673828125,0.046295166015625,0.0052004628523058755,3.4337361653645834e-06,False,False,False,0,0
Mix-L,L0035.wav,4000,1,PCM_16,15.0,60000,-0.04827880859375,0.056304931640625,0.056304931640625,0.0026391694018460493,-3.6519368489583335e-07,False,False,False,0,0
Mix-L,L0036.wav,4000,1,PCM_16,15.0,60000,-0.038116455078125,0.03448486328125,0.038116455078125,0.005697220873131117,-9.9334716796875e-07,False,False,False,0,0
Mix-L,L0037.wav,4000,1,PCM_16,15.0,60000,-0.18121337890625,0.189697265625,0.189697265625,0.009387999512317094,-2.2328694661458335e-06,False,False,False,0,0
Mix-L,L0038.wav,4000,1,PCM_16,15.0,60000,-0.18121337890625,0.189697265625,0.189697265625,0.009387999512317094,-2.2328694661458335e-06,False,False,False,0,0
Mix-L,L0039.wav,4000,1,PCM_16,15.0,60000,-0.043212890625,0.043365478515625,0.043365478515625,0.0021734440563639158,3.3315022786458333e-07,False,False,False,0,0
Mix-L,L0040.wav,4000,1,PCM_16,15.0,60000,-0.017822265625,0.018951416015625,0.018951416015625,0.0028516365884274863,-5.452473958333333e-07,False,False,False,0,0
Mix-L,L0041.wav,4000,1,PCM_16,15.0,60000,-0.019744873046875,0.021270751953125,0.021270751953125,0.0021380769977886226,-2.3956298828125e-07,False,False,False,0,0
Mix-L,L0042.wav,4000,1,PCM_16,15.0,60000,-0.144378662109375,0.118438720703125,0.144378662109375,0.008549063975623765,-1.904296875e-06,False,False,False,0,0
Mix-L,L0043.wav,4000,1,PCM_16,15.0,60000,-0.10986328125,0.0697021484375,0.10986328125,0.006305628631856181,-3.5125732421875e-06,False,False,False,0,0
Mix-L,L0044.wav,4000,1,PCM_16,15.0,60000,-0.046295166015625,0.045440673828125,0.046295166015625,0.0052004628523058755,3.4337361653645834e-06,False,False,False,0,0
Mix-L,L0045.wav,4000,1,PCM_16,15.0,60000,-0.045379638671875,0.036956787109375,0.045379638671875,0.003559227950067507,-3.0731201171875e-06,False,False,False,0,0
Mix-L,L0046.wav,4000,1,PCM_16,15.0,60000,-0.019744873046875,0.021270751953125,0.021270751953125,0.0021380769977886226,-2.3956298828125e-07,False,False,False,0,0
Mix-L,L0047.wav,4000,1,PCM_16,15.0,60000,-0.03521728515625,0.034210205078125,0.03521728515625,0.004831895669198137,-2.3091634114583334e-07,False,False,False,0,0
Mix-L,L0048.wav,4000,1,PCM_16,15.0,60000,-0.003631591796875,0.004364013671875,0.004364013671875,0.000561016724883822,3.7129720052083334e-08,False,False,False,0,0
Mix-L,L0049.wav,4000,1,PCM_16,15.0,60000,-0.010101318359375,0.008819580078125,0.010101318359375,0.0012583172096045474,8.977254231770834e-07,False,False,False,0,0
Mix-L,L0050.wav,4000,1,PCM_16,15.0,60000,-0.082733154296875,0.067596435546875,0.082733154296875,0.0089779071297397,-5.583699544270833e-06,False,False,False,0,0
Mix-L,L0051.wav,4000,1,PCM_16,15.0,60000,-0.0042724609375,0.00445556640625,0.00445556640625,0.00046127357192659636,-1.251220703125e-07,False,False,False,0,0
Mix-L,L0052.wav,4000,1,PCM_16,15.0,60000,-0.035308837890625,0.03070068359375,0.035308837890625,0.004605080417641438,-1.6042073567708333e-06,False,False,False,0,0
Mix-L,L0053.wav,4000,1,PCM_16,15.0,60000,-0.088348388671875,0.07928466796875,0.088348388671875,0.005316723568710166,2.0579020182291666e-06,False,False,False,0,0
Mix-L,L0054.wav,4000,1,PCM_16,15.0,60000,-0.0301513671875,0.032379150390625,0.032379150390625,0.0056112366432750785,-1.50909423828125e-06,False,False,False,0,0
Mix-L,L0055.wav,4000,1,PCM_16,15.0,60000,-0.0177001953125,0.0162353515625,0.0177001953125,0.0013839625169332706,-2.1413167317708333e-07,False,False,False,0,0
Mix-L,L0056.wav,4000,1,PCM_16,15.0,60000,-0.02630615234375,0.0245361328125,0.02630615234375,0.0036018698012840263,6.627400716145833e-07,False,False,False,0,0
Mix-L,L0057.wav,4000,1,PCM_16,15.0,60000,-0.00384521484375,0.004180908203125,0.004180908203125,0.00043751087842200484,-8.900960286458334e-08,False,False,False,0,0
Mix-L,L0058.wav,4000,1,PCM_16,15.0,60000,-0.051544189453125,0.06829833984375,0.06829833984375,0.0054323781345643,3.09600830078125e-06,False,False,False,0,0
Mix-L,L0059.wav,4000,1,PCM_16,15.0,60000,-0.02978515625,0.033233642578125,0.033233642578125,0.0033777872292456816,3.248087565104167e-06,False,False,False,0,0
Mix-L,L0060.wav,4000,1,PCM_16,15.0,60000,-0.155853271484375,0.191680908203125,0.191680908203125,0.008967453552314207,2.34222412109375e-06,False,False,False,0,0
Mix-L,L0061.wav,4000,1,PCM_16,15.0,60000,-0.043487548828125,0.0419921875,0.043487548828125,0.003049603683605953,9.206136067708333e-08,False,False,False,0,0
Mix-L,L0062.wav,4000,1,PCM_16,15.0,60000,-0.023406982421875,0.02532958984375,0.02532958984375,0.0032590378805480305,6.235758463541667e-07,False,False,False,0,0
Mix-L,L0063.wav,4000,1,PCM_16,15.0,60000,-0.0216064453125,0.019378662109375,0.0216064453125,0.0022190730414932336,4.57763671875e-08,False,False,False,0,0
Mix-L,L0064.wav,4000,1,PCM_16,15.0,60000,-0.022003173828125,0.016693115234375,0.022003173828125,0.0018296858100030893,9.104410807291667e-07,False,False,False,0,0
Mix-L,L0065.wav,4000,1,PCM_16,15.0,60000,-0.031982421875,0.033935546875,0.033935546875,0.0021521017803398284,5.900065104166667e-08,False,False,False,0,0
Mix-L,L0066.wav,4000,1,PCM_16,15.0,60000,-0.18121337890625,0.189697265625,0.189697265625,0.009387999512317094,-2.2328694661458335e-06,False,False,False,0,0
Mix-L,L0067.wav,4000,1,PCM_16,15.0,60000,-0.398651123046875,0.5457763671875,0.5457763671875,0.014844122485665577,6.581624348958334e-07,False,False,False,0,0
Mix-L,L0068.wav,4000,1,PCM_16,15.0,60000,-0.0509033203125,0.053802490234375,0.053802490234375,0.005526462501249503,7.420857747395833e-07,False,False,False,0,0
Mix-L,L0069.wav,4000,1,PCM_16,15.0,60000,-0.0164794921875,0.018157958984375,0.018157958984375,0.00117130614752684,-4.628499348958333e-08,False,False,False,0,0
Mix-L,L0070.wav,4000,1,PCM_16,15.0,60000,-0.02447509765625,0.022796630859375,0.02447509765625,0.004267176988256529,8.23974609375e-08,False,False,False,0,0
Mix-L,L0071.wav,4000,1,PCM_16,15.0,60000,-0.051544189453125,0.06829833984375,0.06829833984375,0.0054323781345643,3.09600830078125e-06,False,False,False,0,0
Mix-L,L0072.wav,4000,1,PCM_16,15.0,60000,-0.022003173828125,0.016693115234375,0.022003173828125,0.0018296858100030893,9.104410807291667e-07,False,False,False,0,0
Mix-L,L0073.wav,4000,1,PCM_16,15.0,60000,-0.00665283203125,0.00799560546875,0.00799560546875,0.0008903480972135352,-8.23974609375e-08,False,False,False,0,0
Mix-L,L0074.wav,4000,1,PCM_16,15.0,60000,-0.046295166015625,0.040069580078125,0.046295166015625,0.005874477402227994,1.2217203776041666e-06,False,False,False,0,0
Mix-L,L0075.wav,4000,1,PCM_16,15.0,60000,-0.060302734375,0.071441650390625,0.071441650390625,0.004215596556202298,1.1494954427083334e-07,False,False,False,0,0
Mix-L,L0076.wav,4000,1,PCM_16,15.0,60000,-0.03533935546875,0.03515625,0.03533935546875,0.00361215406096757,-1.4185587565104167e-06,False,False,False,0,0
Mix-L,L0077.wav,4000,1,PCM_16,15.0,60000,-0.398651123046875,0.5457763671875,0.5457763671875,0.014844122485665577,6.581624348958334e-07,False,False,False,0,0
Mix-L,L0078.wav,4000,1,PCM_16,15.0,60000,-0.0118408203125,0.01251220703125,0.01251220703125,0.0015530064382463145,-2.9805501302083333e-07,False,False,False,0,0
Mix-L,L0079.wav,4000,1,PCM_16,15.0,60000,-0.11865234375,0.119384765625,0.119384765625,0.0040838607444488445,-1.25579833984375e-06,False,False,False,0,0
Mix-L,L0080.wav,4000,1,PCM_16,15.0,60000,-0.060302734375,0.071441650390625,0.071441650390625,0.004215596556202298,1.1494954427083334e-07,False,False,False,0,0
Mix-L,L0081.wav,4000,1,PCM_16,15.0,60000,-0.058929443359375,0.068756103515625,0.068756103515625,0.004043793457875343,4.216512044270833e-07,False,False,False,0,0
Mix-L,L0082.wav,4000,1,PCM_16,15.0,60000,-0.045379638671875,0.036956787109375,0.045379638671875,0.003559227950067507,-3.0731201171875e-06,False,False,False,0,0
Mix-L,L0083.wav,4000,1,PCM_16,15.0,60000,-0.10986328125,0.0697021484375,0.10986328125,0.006305628631856181,-3.5125732421875e-06,False,False,False,0,0
Mix-L,L0084.wav,4000,1,PCM_16,15.0,60000,-0.176788330078125,0.191375732421875,0.191375732421875,0.007593169869461912,-1.9287109375e-06,False,False,False,0,0
Mix-L,L0085.wav,4000,1,PCM_16,15.0,60000,-0.04913330078125,0.059173583984375,0.059173583984375,0.0045452974446654835,7.176717122395834e-07,False,False,False,0,0
Mix-L,L0086.wav,4000,1,PCM_16,15.0,60000,-0.155853271484375,0.191680908203125,0.191680908203125,0.008967453552314207,2.34222412109375e-06,False,False,False,0,0
Mix-L,L0087.wav,4000,1,PCM_16,15.0,60000,-0.023895263671875,0.032623291015625,0.032623291015625,0.0031188213764859274,4.425048828125e-08,False,False,False,0,0
Mix-L,L0088.wav,4000,1,PCM_16,15.0,60000,-0.017822265625,0.018951416015625,0.018951416015625,0.0028516365884274863,-5.452473958333333e-07,False,False,False,0,0
Mix-L,L0089.wav,4000,1,PCM_16,15.0,60000,-0.043212890625,0.043365478515625,0.043365478515625,0.0021734440563639158,3.3315022786458333e-07,False,False,False,0,0
Mix-L,L0090.wav,4000,1,PCM_16,15.0,60000,-0.010101318359375,0.008819580078125,0.010101318359375,0.0012583172096045474,8.977254231770834e-07,False,False,False,0,0
Mix-L,L0091.wav,4000,1,PCM_16,15.0,60000,-0.051544189453125,0.06829833984375,0.06829833984375,0.0054323781345643,3.09600830078125e-06,False,False,False,0,0
Mix-L,L0092.wav,4000,1,PCM_16,15.0,60000,-0.05743408203125,0.059600830078125,0.059600830078125,0.004030815931294883,-1.5167236328125e-06,False,False,False,0,0
Mix-L,L0093.wav,4000,1,PCM_16,15.0,60000,-0.023895263671875,0.032623291015625,0.032623291015625,0.0031188213764859274,4.425048828125e-08,False,False,False,0,0
Mix-L,L0094.wav,4000,1,PCM_16,15.0,60000,-0.017822265625,0.018951416015625,0.018951416015625,0.0028516365884274863,-5.452473958333333e-07,False,False,False,0,0
Mix-L,L0095.wav,4000,1,PCM_16,15.0,60000,-0.054840087890625,0.05426025390625,0.054840087890625,0.0031836678124805545,2.899169921875e-08,False,False,False,0,0
Mix-L,L0096.wav,4000,1,PCM_16,15.0,60000,-0.019287109375,0.020477294921875,0.020477294921875,0.001217531904257693,-2.1464029947916666e-07,False,False,False,0,0
Mix-L,L0097.wav,4000,1,PCM_16,15.0,60000,-0.0821533203125,0.066650390625,0.0821533203125,0.007972151293947126,7.878621419270834e-07,False,False,False,0,0
Mix-L,L0098.wav,4000,1,PCM_16,15.0,60000,-0.082733154296875,0.067596435546875,0.082733154296875,0.0089779071297397,-5.583699544270833e-06,False,False,False,0,0
Mix-L,L0099.wav,4000,1,PCM_16,15.0,60000,-0.0509033203125,0.053802490234375,0.053802490234375,0.005526462501249503,7.420857747395833e-07,False,False,False,0,0
Mix-L,L0100.wav,4000,1,PCM_16,15.0,60000,-0.088348388671875,0.07928466796875,0.088348388671875,0.005316723568710166,2.0579020182291666e-06,False,False,False,0,0
Mix-L,L0101.wav,4000,1,PCM_16,15.0,60000,-0.014678955078125,0.014984130859375,0.014984130859375,0.002591980003344777,-6.556193033854167e-07,False,False,False,0,0
Mix-L,L0102.wav,4000,1,PCM_16,15.0,60000,-0.02978515625,0.033233642578125,0.033233642578125,0.0033777872292456816,3.248087565104167e-06,False,False,False,0,0
Mix-L,L0103.wav,4000,1,PCM_16,15.0,60000,-0.01171875,0.011322021484375,0.01171875,0.002403729215018136,1.2624104817708334e-06,False,False,False,0,0
Mix-L,L0104.wav,4000,1,PCM_16,15.0,60000,-0.07720947265625,0.0849609375,0.0849609375,0.005627468240085046,5.849202473958333e-08,False,False,False,0,0
Mix-L,L0105.wav,4000,1,PCM_16,15.0,60000,-0.0301513671875,0.032379150390625,0.032379150390625,0.0056112366432750785,-1.50909423828125e-06,False,False,False,0,0
Mix-L,L0106.wav,4000,1,PCM_16,15.0,60000,-0.010101318359375,0.008819580078125,0.010101318359375,0.0012583172096045474,8.977254231770834e-07,False,False,False,0,0
Mix-L,L0107.wav,4000,1,PCM_16,15.0,60000,-0.10986328125,0.0697021484375,0.10986328125,0.006305628631856181,-3.5125732421875e-06,False,False,False,0,0
Mix-L,L0108.wav,4000,1,PCM_16,15.0,60000,-0.034393310546875,0.03466796875,0.03466796875,0.005712699082687525,-1.1881510416666667e-06,False,False,False,0,0
Mix-L,L0109.wav,4000,1,PCM_16,15.0,60000,-0.00750732421875,0.006561279296875,0.00750732421875,0.0007519967202764375,-1.007080078125e-07,False,False,False,0,0
Mix-L,L0110.wav,4000,1,PCM_16,15.0,60000,-0.0347900390625,0.0323486328125,0.0347900390625,0.0033554083694196,4.0028889973958335e-07,False,False,False,0,0
Mix-L,L0111.wav,4000,1,PCM_16,15.0,60000,-0.016326904296875,0.0157470703125,0.016326904296875,0.0012602500637113611,4.4708251953125e-07,False,False,False,0,0
Mix-L,L0112.wav,4000,1,PCM_16,15.0,60000,-0.017547607421875,0.015869140625,0.017547607421875,0.0019270711358217035,-3.153483072916667e-08,False,False,False,0,0
Mix-L,L0113.wav,4000,1,PCM_16,15.0,60000,-0.0037841796875,0.00421142578125,0.00421142578125,0.0004735904360031928,-8.138020833333333e-08,False,False,False,0,0
Mix-L,L0114.wav,4000,1,PCM_16,15.0,60000,-0.037567138671875,0.03411865234375,0.037567138671875,0.0024659929026265804,9.714762369791666e-08,False,False,False,0,0
Mix-L,L0115.wav,4000,1,PCM_16,15.0,60000,-0.01226806640625,0.01513671875,0.01513671875,0.0008665590486321338,1.3529459635416667e-07,False,False,False,0,0
Mix-L,L0116.wav,4000,1,PCM_16,15.0,60000,-0.03033447265625,0.0208740234375,0.03033447265625,0.0019320066437604963,2.74658203125e-07,False,False,False,0,0
Mix-L,L0117.wav,4000,1,PCM_16,15.0,60000,-0.04486083984375,0.0404052734375,0.04486083984375,0.002806953821734354,1.77001953125e-07,False,False,False,0,0
Mix-L,L0118.wav,4000,1,PCM_16,15.0,60000,-0.114776611328125,0.12335205078125,0.12335205078125,0.005011189531363948,1.52740478515625e-06,False,False,False,0,0
Mix-L,L0119.wav,4000,1,PCM_16,15.0,60000,-0.037567138671875,0.03411865234375,0.037567138671875,0.0024659929026265804,9.714762369791666e-08,False,False,False,0,0
Mix-L,L0120.wav,4000,1,PCM_16,15.0,60000,-0.00750732421875,0.006561279296875,0.00750732421875,0.0007519967202764375,-1.007080078125e-07,False,False,False,0,0
Mix-L,L0121.wav,4000,1,PCM_16,15.0,60000,-0.01171875,0.011322021484375,0.01171875,0.002403729215018136,1.2624104817708334e-06,False,False,False,0,0
Mix-L,L0122.wav,4000,1,PCM_16,15.0,60000,-0.0042724609375,0.00445556640625,0.00445556640625,0.00046127357192659636,-1.251220703125e-07,False,False,False,0,0
Mix-L,L0123.wav,4000,1,PCM_16,15.0,60000,-0.155853271484375,0.191680908203125,0.191680908203125,0.008967453552314207,2.34222412109375e-06,False,False,False,0,0
Mix-L,L0124.wav,4000,1,PCM_16,15.0,60000,-0.014678955078125,0.014984130859375,0.014984130859375,0.002591980003344777,-6.556193033854167e-07,False,False,False,0,0
Mix-L,L0125.wav,4000,1,PCM_16,15.0,60000,-0.176788330078125,0.191375732421875,0.191375732421875,0.007593169869461912,-1.9287109375e-06,False,False,False,0,0
Mix-L,L0126.wav,4000,1,PCM_16,15.0,60000,-0.016326904296875,0.0157470703125,0.016326904296875,0.0012602500637113611,4.4708251953125e-07,False,False,False,0,0
Mix-L,L0127.wav,4000,1,PCM_16,15.0,60000,-0.01171875,0.011322021484375,0.01171875,0.002403729215018136,1.2624104817708334e-06,False,False,False,0,0
Mix-L,L0128.wav,4000,1,PCM_16,15.0,60000,-0.0509033203125,0.053802490234375,0.053802490234375,0.005526462501249503,7.420857747395833e-07,False,False,False,0,0
Mix-L,L0129.wav,4000,1,PCM_16,15.0,60000,-0.037567138671875,0.03411865234375,0.037567138671875,0.0024659929026265804,9.714762369791666e-08,False,False,False,0,0
Mix-L,L0130.wav,4000,1,PCM_16,15.0,60000,-0.18121337890625,0.189697265625,0.189697265625,0.009387999512317094,-2.2328694661458335e-06,False,False,False,0,0
Mix-L,L0131.wav,4000,1,PCM_16,15.0,60000,-0.0177001953125,0.0162353515625,0.0177001953125,0.0013839625169332706,-2.1413167317708333e-07,False,False,False,0,0
Mix-L,L0132.wav,4000,1,PCM_16,15.0,60000,-0.021820068359375,0.023345947265625,0.023345947265625,0.004368182334716705,1.220703125e-07,False,False,False,0,0
Mix-L,L0133.wav,4000,1,PCM_16,15.0,60000,-0.045379638671875,0.036956787109375,0.045379638671875,0.003559227950067507,-3.0731201171875e-06,False,False,False,0,0
Mix-L,L0134.wav,4000,1,PCM_16,15.0,60000,-0.176788330078125,0.191375732421875,0.191375732421875,0.007593169869461912,-1.9287109375e-06,False,False,False,0,0
Mix-L,L0135.wav,4000,1,PCM_16,15.0,60000,-0.05194091796875,0.051666259765625,0.05194091796875,0.0028436650638594295,-3.011067708333333e-07,False,False,False,0,0
Mix-L,L0136.wav,4000,1,PCM_16,15.0,60000,-0.0301513671875,0.032379150390625,0.032379150390625,0.0056112366432750785,-1.50909423828125e-06,False,False,False,0,0
Mix-L,L0137.wav,4000,1,PCM_16,15.0,60000,-0.045379638671875,0.036956787109375,0.045379638671875,0.003559227950067507,-3.0731201171875e-06,False,False,False,0,0
Mix-L,L0138.wav,4000,1,PCM_16,15.0,60000,-0.0911865234375,0.111602783203125,0.111602783203125,0.009576499180040604,1.3397216796875e-06,False,False,False,0,0
Mix-L,L0139.wav,4000,1,PCM_16,15.0,60000,-0.043212890625,0.043365478515625,0.043365478515625,0.0021734440563639158,3.3315022786458333e-07,False,False,False,0,0
Mix-L,L0140.wav,4000,1,PCM_16,15.0,60000,-0.0347900390625,0.0323486328125,0.0347900390625,0.0033554083694196,4.0028889973958335e-07,False,False,False,0,0
Mix-L,L0141.wav,4000,1,PCM_16,15.0,60000,-0.037567138671875,0.03411865234375,0.037567138671875,0.0024659929026265804,9.714762369791666e-08,False,False,False,0,0
Mix-L,L0142.wav,4000,1,PCM_16,15.0,60000,-0.0118408203125,0.01251220703125,0.01251220703125,0.0015530064382463145,-2.9805501302083333e-07,False,False,False,0,0
Mix-L,L0143.wav,4000,1,PCM_16,15.0,60000,-0.039093017578125,0.046661376953125,0.046661376953125,0.005890196743294346,9.511311848958333e-08,False,False,False,0,0
Mix-L,L0144.wav,4000,1,PCM_16,15.0,60000,-0.02447509765625,0.022796630859375,0.02447509765625,0.004267176988256529,8.23974609375e-08,False,False,False,0,0
Mix-L,L0145.wav,4000,1,PCM_16,15.0,60000,-0.0118408203125,0.01251220703125,0.01251220703125,0.0015530064382463145,-2.9805501302083333e-07,False,False,False,0,0
Mix-M,M0001.wav,4000,1,PCM_16,15.0,60000,-0.049072265625,0.04949951171875,0.04949951171875,0.00962603043445065,4.345703125e-06,False,False,False,0,0
Mix-M,M0002.wav,4000,1,PCM_16,15.0,60000,-0.022369384765625,0.018463134765625,0.022369384765625,0.002899178951316291,6.7901611328125e-07,False,False,False,0,0
Mix-M,M0003.wav,4000,1,PCM_16,15.0,60000,-0.046112060546875,0.0535888671875,0.0535888671875,0.00763269978757763,-7.542928059895834e-07,False,False,False,0,0
Mix-M,M0004.wav,4000,1,PCM_16,15.0,60000,-0.0067138671875,0.008056640625,0.008056640625,0.0009683504690745844,2.9500325520833334e-08,False,False,False,0,0
Mix-M,M0005.wav,4000,1,PCM_16,15.0,60000,-0.064056396484375,0.091583251953125,0.091583251953125,0.00662047098755959,7.5531005859375e-07,False,False,False,0,0
Mix-M,M0006.wav,4000,1,PCM_16,15.0,60000,-0.026641845703125,0.031097412109375,0.031097412109375,0.005089096576537837,1.2852986653645832e-06,False,False,False,0,0
Mix-M,M0007.wav,4000,1,PCM_16,15.0,60000,-0.008636474609375,0.007965087890625,0.008636474609375,0.0009498676958468427,-9.877522786458334e-07,False,False,False,0,0
Mix-M,M0008.wav,4000,1,PCM_16,15.0,60000,-0.02899169921875,0.02752685546875,0.02899169921875,0.005078476343471721,-6.296793619791667e-07,False,False,False,0,0
Mix-M,M0009.wav,4000,1,PCM_16,15.0,60000,-0.020477294921875,0.020172119140625,0.020477294921875,0.0035769161115421777,-1.2715657552083334e-08,False,False,False,0,0
Mix-M,M0010.wav,4000,1,PCM_16,15.0,60000,-0.03338623046875,0.030548095703125,0.03338623046875,0.0021866687830278965,5.4931640625e-08,False,False,False,0,0
Mix-M,M0011.wav,4000,1,PCM_16,15.0,60000,-0.0174560546875,0.019775390625,0.019775390625,0.0037629842440158367,3.550211588541667e-07,False,False,False,0,0
Mix-M,M0012.wav,4000,1,PCM_16,15.0,60000,-0.01177978515625,0.01153564453125,0.01177978515625,0.0021313949898688787,4.3385823567708336e-07,False,False,False,0,0
Mix-M,M0013.wav,4000,1,PCM_16,15.0,60000,-0.004638671875,0.0048828125,0.0048828125,0.0008002839152902607,-3.0771891276041666e-07,False,False,False,0,0
Mix-M,M0014.wav,4000,1,PCM_16,15.0,60000,-0.020721435546875,0.02154541015625,0.02154541015625,0.003956564502295753,1.0121663411458332e-06,False,False,False,0,0
Mix-M,M0015.wav,4000,1,PCM_16,15.0,60000,-0.087432861328125,0.0634765625,0.087432861328125,0.006288010066639543,3.5044352213541666e-07,False,False,False,0,0
Mix-M,M0016.wav,4000,1,PCM_16,15.0,60000,-0.00360107421875,0.003204345703125,0.00360107421875,0.0005326004785514725,-7.883707682291667e-08,False,False,False,0,0
Mix-M,M0017.wav,4000,1,PCM_16,15.0,60000,-0.006378173828125,0.0054931640625,0.006378173828125,0.0007939314475418771,-1.5207926432291667e-07,False,False,False,0,0
Mix-M,M0018.wav,4000,1,PCM_16,15.0,60000,-0.016082763671875,0.015655517578125,0.016082763671875,0.002938174701626122,5.757649739583333e-07,False,False,False,0,0
Mix-M,M0019.wav,4000,1,PCM_16,15.0,60000,-0.01116943359375,0.0091552734375,0.01116943359375,0.0016815488735264926,-1.0732014973958333e-07,False,False,False,0,0
Mix-M,M0020.wav,4000,1,PCM_16,15.0,60000,-0.113433837890625,0.05633544921875,0.113433837890625,0.0016807218349973836,1.7496744791666667e-07,False,False,False,0,0
Mix-M,M0021.wav,4000,1,PCM_16,15.0,60000,-0.03033447265625,0.034149169921875,0.034149169921875,0.004426674066002891,-1.1235555013020833e-06,False,False,False,0,0
Mix-M,M0022.wav,4000,1,PCM_16,15.0,60000,-0.0584716796875,0.065277099609375,0.065277099609375,0.005488620867182334,-4.7251383463541667e-07,False,False,False,0,0
Mix-M,M0023.wav,4000,1,PCM_16,15.0,60000,-0.02984619140625,0.038330078125,0.038330078125,0.0035979091334162852,-3.243001302083333e-06,False,False,False,0,0
Mix-M,M0024.wav,4000,1,PCM_16,15.0,60000,-0.04522705078125,0.0458984375,0.0458984375,0.0077765214665532845,2.2832234700520834e-06,False,False,False,0,0
Mix-M,M0025.wav,4000,1,PCM_16,15.0,60000,-0.03192138671875,0.027557373046875,0.03192138671875,0.0048755484335163335,-1.885986328125e-06,False,False,False,0,0
Mix-M,M0026.wav,4000,1,PCM_16,15.0,60000,-0.0537109375,0.04852294921875,0.0537109375,0.007202629146589618,-1.953125e-06,False,False,False,0,0
Mix-M,M0027.wav,4000,1,PCM_16,15.0,60000,-0.01324462890625,0.012939453125,0.01324462890625,0.0015062326802663412,-4.796346028645833e-07,False,False,False,0,0
Mix-M,M0028.wav,4000,1,PCM_16,15.0,60000,-0.020965576171875,0.01959228515625,0.020965576171875,0.0016831757029402712,6.40869140625e-08,False,False,False,0,0
Mix-M,M0029.wav,4000,1,PCM_16,15.0,60000,-0.017486572265625,0.018768310546875,0.018768310546875,0.002754254265590298,-5.101521809895834e-07,False,False,False,0,0
Mix-M,M0030.wav,4000,1,PCM_16,15.0,60000,-0.012939453125,0.011016845703125,0.012939453125,0.0017706566683332013,2.0701090494791666e-07,False,False,False,0,0
Mix-M,M0031.wav,4000,1,PCM_16,15.0,60000,-0.0513916015625,0.046661376953125,0.0513916015625,0.003787526799769817,-1.4063517252604166e-06,False,False,False,0,0
Mix-M,M0032.wav,4000,1,PCM_16,15.0,60000,-0.026092529296875,0.018646240234375,0.026092529296875,0.002557937911720015,-5.79833984375e-08,False,False,False,0,0
Mix-M,M0033.wav,4000,1,PCM_16,15.0,60000,-0.0618896484375,0.066650390625,0.066650390625,0.00625810797113249,6.744384765625e-07,False,False,False,0,0
Mix-M,M0034.wav,4000,1,PCM_16,15.0,60000,-0.020050048828125,0.02056884765625,0.02056884765625,0.0035883629503049804,-1.0487874348958332e-06,False,False,False,0,0
Mix-M,M0035.wav,4000,1,PCM_16,15.0,60000,-0.008026123046875,0.008026123046875,0.008026123046875,0.0011310915370992764,-4.231770833333333e-07,False,False,False,0,0
Mix-M,M0036.wav,4000,1,PCM_16,15.0,60000,-0.051544189453125,0.051910400390625,0.051910400390625,0.007865427158914787,4.984537760416667e-08,False,False,False,0,0
Mix-M,M0037.wav,4000,1,PCM_16,15.0,60000,-0.027435302734375,0.03497314453125,0.03497314453125,0.003927648317398682,-1.2232462565104166e-06,False,False,False,0,0
Mix-M,M0038.wav,4000,1,PCM_16,15.0,60000,-0.03692626953125,0.076934814453125,0.076934814453125,0.00733837285389402,4.0232340494791667e-07,False,False,False,0,0
Mix-M,M0039.wav,4000,1,PCM_16,15.0,60000,-0.047943115234375,0.045806884765625,0.047943115234375,0.006042149372213175,-2.13623046875e-06,False,False,False,0,0
Mix-M,M0040.wav,4000,1,PCM_16,15.0,60000,-0.031158447265625,0.032958984375,0.032958984375,0.004458749605992059,-4.5725504557291665e-07,False,False,False,0,0
Mix-M,M0041.wav,4000,1,PCM_16,15.0,60000,-0.007720947265625,0.0076904296875,0.007720947265625,0.0008702630303629553,9.714762369791666e-08,False,False,False,0,0
Mix-M,M0042.wav,4000,1,PCM_16,15.0,60000,-0.040252685546875,0.036865234375,0.040252685546875,0.0024152547744079934,-8.087158203125e-08,False,False,False,0,0
Mix-M,M0043.wav,4000,1,PCM_16,15.0,60000,-0.022705078125,0.01947021484375,0.022705078125,0.003539289272311608,2.1565755208333333e-07,False,False,False,0,0
Mix-M,M0044.wav,4000,1,PCM_16,15.0,60000,-0.004547119140625,0.00433349609375,0.004547119140625,0.0006754047726939607,-4.0181477864583334e-07,False,False,False,0,0
Mix-M,M0045.wav,4000,1,PCM_16,15.0,60000,-0.049102783203125,0.051544189453125,0.051544189453125,0.00794634725575858,4.1300455729166666e-07,False,False,False,0,0
Mix-M,M0046.wav,4000,1,PCM_16,15.0,60000,-0.04949951171875,0.045257568359375,0.04949951171875,0.005741013803789124,4.6284993489583334e-07,False,False,False,0,0
Mix-M,M0047.wav,4000,1,PCM_16,15.0,60000,-0.028961181640625,0.030303955078125,0.030303955078125,0.004511204641398773,1.0121663411458332e-06,False,False,False,0,0
Mix-M,M0048.wav,4000,1,PCM_16,15.0,60000,-0.022430419921875,0.019866943359375,0.022430419921875,0.003416283687116235,2.655029296875e-07,False,False,False,0,0
Mix-M,M0049.wav,4000,1,PCM_16,15.0,60000,-0.008056640625,0.007904052734375,0.008056640625,0.0013401928292619803,-5.594889322916667e-09,False,False,False,0,0
Mix-M,M0050.wav,4000,1,PCM_16,15.0,60000,-0.02288818359375,0.0289306640625,0.0289306640625,0.0035529034083970116,-1.1444091796875e-07,False,False,False,0,0
Mix-M,M0051.wav,4000,1,PCM_16,15.0,60000,-0.039886474609375,0.0325927734375,0.039886474609375,0.005207149761047991,6.7901611328125e-07,False,False,False,0,0
Mix-M,M0052.wav,4000,1,PCM_16,15.0,60000,-0.0172119140625,0.0157470703125,0.0172119140625,0.0020595592916310447,5.79833984375e-08,False,False,False,0,0
Mix-M,M0053.wav,4000,1,PCM_16,15.0,60000,-0.05072021484375,0.0491943359375,0.05072021484375,0.003953966624271289,-1.6754150390625e-06,False,False,False,0,0
Mix-M,M0054.wav,4000,1,PCM_16,15.0,60000,-0.0159912109375,0.018585205078125,0.018585205078125,0.002502830583657132,7.883707682291667e-08,False,False,False,0,0
Mix-M,M0055.wav,4000,1,PCM_16,15.0,60000,-0.007354736328125,0.00604248046875,0.007354736328125,0.0007088231730161134,2.288818359375e-08,False,False,False,0,0
Mix-M,M0056.wav,4000,1,PCM_16,15.0,60000,-0.0572509765625,0.066741943359375,0.066741943359375,0.004365094415183221,5.900065104166667e-08,False,False,False,0,0
Mix-M,M0057.wav,4000,1,PCM_16,15.0,60000,-0.0263671875,0.026580810546875,0.026580810546875,0.003230215632575365,-1.3326009114583332e-07,False,False,False,0,0
Mix-M,M0058.wav,4000,1,PCM_16,15.0,60000,-0.027313232421875,0.02886962890625,0.02886962890625,0.0031236753959514433,-1.7445882161458334e-07,False,False,False,0,0
Mix-M,M0059.wav,4000,1,PCM_16,15.0,60000,-0.041778564453125,0.056182861328125,0.056182861328125,0.005005191139090105,-1.4811197916666666e-06,False,False,False,0,0
Mix-M,M0060.wav,4000,1,PCM_16,15.0,60000,-0.069854736328125,0.085113525390625,0.085113525390625,0.011461970901765428,-3.6870320638020834e-06,False,False,False,0,0
Mix-M,M0061.wav,4000,1,PCM_16,15.0,60000,-0.054229736328125,0.040863037109375,0.054229736328125,0.006004645303711031,2.00958251953125e-06,False,False,False,0,0
Mix-M,M0062.wav,4000,1,PCM_16,15.0,60000,-0.039215087890625,0.044342041015625,0.044342041015625,0.005951767439327396,3.4230550130208333e-07,False,False,False,0,0
Mix-M,M0063.wav,4000,1,PCM_16,15.0,60000,-0.083038330078125,0.091888427734375,0.091888427734375,0.010364750069496323,-1.47552490234375e-06,False,False,False,0,0
Mix-M,M0064.wav,4000,1,PCM_16,15.0,60000,-0.03094482421875,0.026153564453125,0.03094482421875,0.004118783956617108,1.9632975260416667e-07,False,False,False,0,0
Mix-M,M0065.wav,4000,1,PCM_16,15.0,60000,-0.043792724609375,0.044342041015625,0.044342041015625,0.006215601552892981,-1.5360514322916666e-07,False,False,False,0,0
Mix-M,M0066.wav,4000,1,PCM_16,15.0,60000,-0.0394287109375,0.0523681640625,0.0523681640625,0.005753624017094885,-8.85009765625e-08,False,False,False,0,0
Mix-M,M0067.wav,4000,1,PCM_16,15.0,60000,-0.014556884765625,0.0126953125,0.014556884765625,0.0021075817826158682,7.781982421875e-08,False,False,False,0,0
Mix-M,M0068.wav,4000,1,PCM_16,15.0,60000,-0.0166015625,0.0322265625,0.0322265625,0.00229816014857262,1.1820475260416667e-06,False,False,False,0,0
Mix-M,M0069.wav,4000,1,PCM_16,15.0,60000,-0.053863525390625,0.079864501953125,0.079864501953125,0.0024372467497605355,-4.216512044270833e-07,False,False,False,0,0
Mix-M,M0070.wav,4000,1,PCM_16,15.0,60000,-0.03265380859375,0.034759521484375,0.034759521484375,0.0037343754355212214,3.6366780598958336e-07,False,False,False,0,0
Mix-M,M0071.wav,4000,1,PCM_16,15.0,60000,-0.024383544921875,0.041290283203125,0.041290283203125,0.003181648681654622,-1.0045369466145832e-06,False,False,False,0,0
Mix-M,M0072.wav,4000,1,PCM_16,15.0,60000,-0.026275634765625,0.02850341796875,0.02850341796875,0.0021140299498805127,3.6773681640625e-07,False,False,False,0,0
Mix-M,M0073.wav,4000,1,PCM_16,15.0,60000,-0.032257080078125,0.032135009765625,0.032257080078125,0.0041877594290384785,1.1301676432291667e-06,False,False,False,0,0
Mix-M,M0074.wav,4000,1,PCM_16,15.0,60000,-0.02374267578125,0.0245361328125,0.0245361328125,0.0031460885941116084,5.3558349609375e-07,False,False,False,0,0
Mix-M,M0075.wav,4000,1,PCM_16,15.0,60000,-0.01763916015625,0.0177001953125,0.0177001953125,0.0022341891502679974,-9.847005208333333e-07,False,False,False,0,0
Mix-M,M0076.wav,4000,1,PCM_16,15.0,60000,-0.050567626953125,0.04608154296875,0.050567626953125,0.004574941937186391,4.1046142578125e-07,False,False,False,0,0
Mix-M,M0077.wav,4000,1,PCM_16,15.0,60000,-0.01470947265625,0.01324462890625,0.01470947265625,0.0015542278365060084,-9.256998697916666e-08,False,False,False,0,0
Mix-M,M0078.wav,4000,1,PCM_16,15.0,60000,-0.035858154296875,0.023406982421875,0.035858154296875,0.0033159214955596076,9.0789794921875e-07,False,False,False,0,0
Mix-M,M0079.wav,4000,1,PCM_16,15.0,60000,-0.01800537109375,0.01763916015625,0.01800537109375,0.0026644390227932593,-1.2410481770833332e-07,False,False,False,0,0
Mix-M,M0080.wav,4000,1,PCM_16,15.0,60000,-0.046142578125,0.056640625,0.056640625,0.0034559674498560455,-5.5084228515625e-07,False,False,False,0,0
Mix-M,M0081.wav,4000,1,PCM_16,15.0,60000,-0.0382080078125,0.04876708984375,0.04876708984375,0.005986293820629807,-2.3905436197916665e-07,False,False,False,0,0
Mix-M,M0082.wav,4000,1,PCM_16,15.0,60000,-0.016937255859375,0.021881103515625,0.021881103515625,0.0025319157087297342,-1.3158162434895833e-06,False,False,False,0,0
Mix-M,M0083.wav,4000,1,PCM_16,15.0,60000,-0.03643798828125,0.04510498046875,0.04510498046875,0.0048906558445764225,1.5309651692708333e-07,False,False,False,0,0
Mix-M,M0084.wav,4000,1,PCM_16,15.0,60000,-0.02685546875,0.0244140625,0.02685546875,0.002795096950392439,6.53076171875e-07,False,False,False,0,0
Mix-M,M0085.wav,4000,1,PCM_16,15.0,60000,-0.017303466796875,0.018096923828125,0.018096923828125,0.00262957411459465,-2.105712890625e-06,False,False,False,0,0
Mix-M,M0086.wav,4000,1,PCM_16,15.0,60000,-0.037506103515625,0.039154052734375,0.039154052734375,0.007830169265943291,1.75018310546875e-06,False,False,False,0,0
Mix-M,M0087.wav,4000,1,PCM_16,15.0,60000,-0.999969482421875,0.89788818359375,0.999969482421875,0.055014839412418345,1.39495849609375e-05,False,False,False,1,1
Mix-M,M0088.wav,4000,1,PCM_16,15.0,60000,-0.032501220703125,0.036712646484375,0.036712646484375,0.005018688129858804,6.40869140625e-08,False,False,False,0,0
Mix-M,M0089.wav,4000,1,PCM_16,15.0,60000,-0.020538330078125,0.02288818359375,0.02288818359375,0.004074693696548954,3.102620442708333e-08,False,False,False,0,0
Mix-M,M0090.wav,4000,1,PCM_16,15.0,60000,-0.0660400390625,0.065673828125,0.0660400390625,0.004580227263814343,-1.7191569010416666e-06,False,False,False,0,0
Mix-M,M0091.wav,4000,1,PCM_16,15.0,60000,-0.00811767578125,0.00885009765625,0.00885009765625,0.0012461551379087316,1.8412272135416666e-07,False,False,False,0,0
Mix-M,M0092.wav,4000,1,PCM_16,15.0,60000,-0.0289306640625,0.02850341796875,0.0289306640625,0.004558543480653415,7.456461588541667e-07,False,False,False,0,0
Mix-M,M0093.wav,4000,1,PCM_16,15.0,60000,-0.083709716796875,0.064361572265625,0.083709716796875,0.005991347927194804,4.567464192708333e-07,False,False,False,0,0
Mix-M,M0094.wav,4000,1,PCM_16,15.0,60000,-0.019622802734375,0.016021728515625,0.019622802734375,0.0026783856800436517,1.4495849609375e-07,False,False,False,0,0
Mix-M,M0095.wav,4000,1,PCM_16,15.0,60000,-0.01708984375,0.01837158203125,0.01837158203125,0.0026021401825503596,4.486083984375e-07,False,False,False,0,0
Mix-M,M0096.wav,4000,1,PCM_16,15.0,60000,-0.011627197265625,0.01568603515625,0.01568603515625,0.0019299400654334841,-2.2633870442708334e-07,False,False,False,0,0
Mix-M,M0097.wav,4000,1,PCM_16,15.0,60000,-0.00994873046875,0.008056640625,0.00994873046875,0.0008752539477647922,2.899169921875e-07,False,False,False,0,0
Mix-M,M0098.wav,4000,1,PCM_16,15.0,60000,-0.048187255859375,0.046844482421875,0.048187255859375,0.007136590214258926,-2.4897257486979165e-06,False,False,False,0,0
Mix-M,M0099.wav,4000,1,PCM_16,15.0,60000,-0.02789306640625,0.029022216796875,0.029022216796875,0.002999066473025737,-4.4097900390625e-07,False,False,False,0,0
Mix-M,M0100.wav,4000,1,PCM_16,15.0,60000,-0.02630615234375,0.030609130859375,0.030609130859375,0.0032879750579856925,-8.906046549479166e-07,False,False,False,0,0
Mix-M,M0101.wav,4000,1,PCM_16,15.0,60000,-0.032867431640625,0.029388427734375,0.032867431640625,0.004818445910663902,-4.659016927083333e-07,False,False,False,0,0
Mix-M,M0102.wav,4000,1,PCM_16,15.0,60000,-0.009674072265625,0.010101318359375,0.010101318359375,0.0007493133365219053,-2.939860026041667e-07,False,False,False,0,0
Mix-M,M0103.wav,4000,1,PCM_16,15.0,60000,-0.03240966796875,0.0362548828125,0.0362548828125,0.00382271035832621,2.1565755208333333e-07,False,False,False,0,0
Mix-M,M0104.wav,4000,1,PCM_16,15.0,60000,-0.037689208984375,0.03936767578125,0.03936767578125,0.0035841910742662898,-7.6751708984375e-07,False,False,False,0,0
Mix-M,M0105.wav,4000,1,PCM_16,15.0,60000,-0.070709228515625,0.061187744140625,0.070709228515625,0.006154427809922982,6.596883138020833e-07,False,False,False,0,0
Mix-M,M0106.wav,4000,1,PCM_16,15.0,60000,-0.01409912109375,0.01263427734375,0.01409912109375,0.0015693137741581125,-7.985432942708334e-08,False,False,False,0,0
Mix-M,M0107.wav,4000,1,PCM_16,15.0,60000,-0.02642822265625,0.03021240234375,0.03021240234375,0.004106813904499719,1.2273152669270833e-06,False,False,False,0,0
Mix-M,M0108.wav,4000,1,PCM_16,15.0,60000,-0.0211181640625,0.0213623046875,0.0213623046875,0.0027991462877403617,5.5084228515625e-07,False,False,False,0,0
Mix-M,M0109.wav,4000,1,PCM_16,15.0,60000,-0.02496337890625,0.026458740234375,0.026458740234375,0.004316447115398302,1.52587890625e-08,False,False,False,0,0
Mix-M,M0110.wav,4000,1,PCM_16,15.0,60000,-0.030029296875,0.028472900390625,0.030029296875,0.004855754127885473,-3.3721923828125e-07,False,False,False,0,0
Mix-M,M0111.wav,4000,1,PCM_16,15.0,60000,-0.7266845703125,0.999969482421875,0.999969482421875,0.03689699958772185,-2.635701497395833e-06,False,False,False,1,1
Mix-M,M0112.wav,4000,1,PCM_16,15.0,60000,-0.92474365234375,0.999969482421875,0.999969482421875,0.07795756189469841,-1.5442403157552083e-05,False,False,False,1,1
Mix-M,M0113.wav,4000,1,PCM_16,15.0,60000,-0.999969482421875,0.8055419921875,0.999969482421875,0.08430427888047862,-1.1099751790364584e-05,False,False,False,2,2
Mix-M,M0114.wav,4000,1,PCM_16,15.0,60000,-0.999969482421875,0.922271728515625,0.999969482421875,0.08094292157705632,7.727559407552083e-06,False,False,False,1,1
Mix-M,M0115.wav,4000,1,PCM_16,15.0,60000,-0.999969482421875,0.7579345703125,0.999969482421875,0.10915419606723932,5.931650797526042e-05,False,False,False,1,1
Mix-M,M0116.wav,4000,1,PCM_16,15.0,60000,-0.999969482421875,0.871612548828125,0.999969482421875,0.09378434443727883,3.7089029947916665e-06,False,False,False,1,1
Mix-M,M0117.wav,4000,1,PCM_16,15.0,60000,-0.999969482421875,0.84619140625,0.999969482421875,0.0940024179930886,5.3592936197916666e-05,False,False,False,1,1
Mix-M,M0118.wav,4000,1,PCM_16,15.0,60000,-0.9410400390625,0.999969482421875,0.999969482421875,0.04578511787121711,9.306844075520833e-06,False,False,False,1,1
Mix-M,M0119.wav,4000,1,PCM_16,15.0,60000,-0.999969482421875,0.85235595703125,0.999969482421875,0.10323648188335781,8.103841145833334e-05,False,False,False,1,1
Mix-M,M0120.wav,4000,1,PCM_16,15.0,60000,-0.999969482421875,0.9090576171875,0.999969482421875,0.13879178318519272,-5.2298990885416667e-05,False,False,False,1,1
Mix-M,M0121.wav,4000,1,PCM_16,15.0,60000,-0.999969482421875,0.964508056640625,0.999969482421875,0.14755799780622633,-1.7123921712239585e-05,False,False,False,1,1
Mix-M,M0122.wav,4000,1,PCM_16,15.0,60000,-0.94219970703125,0.999969482421875,0.999969482421875,0.09856675114000488,-3.624725341796875e-05,False,False,False,1,1
Mix-M,M0123.wav,4000,1,PCM_16,15.0,60000,-0.799560546875,0.999969482421875,0.999969482421875,0.04876105739855564,1.9727579752604166e-05,False,False,False,1,1
Mix-M,M0124.wav,4000,1,PCM_16,15.0,60000,-0.6826171875,0.999969482421875,0.999969482421875,0.03224195040285659,4.039510091145833e-06,False,False,False,1,1
Mix-M,M0125.wav,4000,1,PCM_16,15.0,60000,-0.9290771484375,0.999969482421875,0.999969482421875,0.0408451383259842,-4.898579915364583e-06,False,False,False,1,1
Mix-M,M0126.wav,4000,1,PCM_16,15.0,60000,-0.7266845703125,0.999969482421875,0.999969482421875,0.03689699958772185,-2.635701497395833e-06,False,False,False,1,1
Mix-M,M0127.wav,4000,1,PCM_16,15.0,60000,-0.68609619140625,0.999969482421875,0.999969482421875,0.11915019351696814,5.110015869140625e-05,False,False,False,1,1
Mix-M,M0128.wav,4000,1,PCM_16,15.0,60000,-0.943939208984375,0.999969482421875,0.999969482421875,0.1192303570505765,2.4962870279947915e-05,False,False,False,1,1
Mix-M,M0129.wav,4000,1,PCM_16,15.0,60000,-0.999969482421875,0.923492431640625,0.999969482421875,0.08874818593281021,-3.1410725911458337e-05,False,False,False,1,1
Mix-M,M0130.wav,4000,1,PCM_16,15.0,60000,-0.92156982421875,0.999969482421875,0.999969482421875,0.052826056687586796,-1.6362508138020834e-05,False,False,False,1,1
Mix-M,M0131.wav,4000,1,PCM_16,15.0,60000,-0.999969482421875,0.8482666015625,0.999969482421875,0.05356012097594761,-1.3203938802083333e-05,False,False,False,1,1
Mix-M,M0132.wav,4000,1,PCM_16,15.0,60000,-0.80670166015625,0.999969482421875,0.999969482421875,0.1312740516411062,-2.039947509765625e-05,False,False,False,1,1
Mix-M,M0133.wav,4000,1,PCM_16,15.0,60000,-0.999969482421875,0.847320556640625,0.999969482421875,0.09774647773069331,-9.756571451822916e-05,False,False,False,1,1
Mix-M,M0134.wav,4000,1,PCM_16,15.0,60000,-0.918365478515625,0.999969482421875,0.999969482421875,0.050425127130955476,-9.178670247395834e-06,False,False,False,1,1
Mix-M,M0135.wav,4000,1,PCM_16,15.0,60000,-0.999969482421875,0.917236328125,0.999969482421875,0.06485895035432852,-1.44439697265625e-05,False,False,False,1,1
Mix-M,M0136.wav,4000,1,PCM_16,15.0,60000,-0.999969482421875,0.955078125,0.999969482421875,0.15358906851118456,-7.045745849609375e-05,False,False,False,1,1
Mix-M,M0137.wav,4000,1,PCM_16,15.0,60000,-0.999969482421875,0.8170166015625,0.999969482421875,0.11034621145649927,-5.2822367350260417e-05,False,False,False,2,2
Mix-M,M0138.wav,4000,1,PCM_16,15.0,60000,-0.807525634765625,0.999969482421875,0.999969482421875,0.08712293480039376,7.837931315104166e-07,False,False,False,1,1
Mix-M,M0139.wav,4000,1,PCM_16,15.0,60000,-0.90093994140625,0.999969482421875,0.999969482421875,0.08878863155186564,9.8846435546875e-06,False,False,False,1,1
Mix-M,M0140.wav,4000,1,PCM_16,15.0,60000,-0.999969482421875,0.843170166015625,0.999969482421875,0.041538351744638415,1.1281331380208333e-05,False,False,False,1,1
Mix-M,M0141.wav,4000,1,PCM_16,15.0,60000,-0.999969482421875,0.903900146484375,0.999969482421875,0.0672023547550327,-1.0711669921875e-06,False,False,False,1,1
Mix-M,M0142.wav,4000,1,PCM_16,15.0,60000,-0.999969482421875,0.947265625,0.999969482421875,0.09901300328691119,8.1573486328125e-06,False,False,False,1,1
Mix-M,M0143.wav,4000,1,PCM_16,15.0,60000,-0.999969482421875,0.8701171875,0.999969482421875,0.04850142987747771,9.998575846354167e-06,False,False,False,1,1
Mix-M,M0144.wav,4000,1,PCM_16,15.0,60000,-0.999969482421875,0.96429443359375,0.999969482421875,0.06827042795539462,-7.17315673828125e-06,False,False,False,1,1
Mix-M,M0145.wav,4000,1,PCM_16,15.0,60000,-0.999969482421875,0.91265869140625,0.999969482421875,0.06358691484787195,-4.04388427734375e-05,False,False,False,1,1
